,birth2maxdate,abs_birth2maxdate,birth2mindate,abs_birth2mindate,title_count,author_length,pub_age,status,publication_age,lemma_overlap,word_overlap_count,Jaccard_Distance,exact_match_count,cosine_distance
0,,,,,0,3,,0,,0,0,1.0,0,0.9237268395342481
1,,,,,0,3,,0,,0,0,1.0,0,0.9582707049927326
2,,,,,0,3,,0,,0,0,1.0,0,0.9746221557146953
3,,,,,0,3,,0,,0,0,1.0,0,0.9910355429851685
4,,,,,0,3,,0,,0,0,1.0,0,0.9606374874711037
5,,,,,0,3,,0,,0,0,1.0,0,0.9641828973347812
6,,,,,0,3,,0,,0,0,1.0,0,0.9589901069995792
7,,,,,0,3,,0,,0,0,1.0,0,0.9580717335066715
8,,,,,0,3,,0,,0,0,1.0,0,0.936744512922571
9,,,,,0,3,,0,,0,0,1.0,0,0.949230095721188
10,,,,,0,14,,0,,2,3,1.0,0,0.6162645220756531
11,,,,,0,19,,0,,54,41,1.0,0,0.20964421091343088
12,,,,,0,16,,0,,0,0,1.0,0,0.9018171251361705
13,,,,,0,16,,0,,0,0,1.0,0,0.9762515835464001
14,,,,,0,16,,0,,0,0,1.0,0,0.922621098834905
15,,,,,0,16,,0,,0,0,1.0,0,1.034383152704929
16,,,,,0,16,,0,,0,0,1.0,0,0.5695661774148396
17,,,,,0,16,,0,,0,0,1.0,0,0.5695661774148396
18,,,,,0,16,,0,,0,0,1.0,0,0.5695661774148396
19,,,,,0,12,,0,,0,0,1.0,0,0.9685916649036107
20,,,,,0,12,,0,,0,0,1.0,0,1.0197611959952473
21,,,,,0,12,,0,,0,0,1.0,0,0.9763172345336129
22,,,,,0,12,,0,,0,0,1.0,0,0.9517490089982157
23,,,,,0,12,,0,,0,0,1.0,0,0.9163500914782339
24,,,,,0,12,,0,,0,0,1.0,0,0.9631215732729904
25,,,,,0,12,,0,,0,0,1.0,0,0.5695661774148396
26,,,,,0,12,,0,,0,0,1.0,0,0.9953012660608073
27,,,,,0,12,,0,,0,0,1.0,0,0.5695661774148396
28,,,,,0,12,,0,,0,0,1.0,0,0.9857976208864934
29,,,,,0,11,,0,,0,0,1.0,0,0.967186077451291
30,,,,,0,11,,0,,0,0,1.0,0,0.9394391030073166
31,,,,,0,11,,0,,0,0,1.0,0,1.0002460945397615
32,,,,,0,11,,0,,0,0,1.0,0,0.5695661774148396
33,,,,,0,11,,0,,0,0,1.0,0,0.8807696369978456
34,,,,,0,11,,0,,0,0,1.0,0,0.8793526404903125
35,,,,,0,11,,0,,0,0,1.0,0,0.5695661774148396
36,,,,,0,12,,0,,1,4,1.0,0,0.40167552843768906
37,,,,,0,16,,0,,5,4,1.0,0,0.3295254507519436
38,,,,,0,12,,0,,0,0,1.0,0,1.043219591273045
39,,,,,0,12,,0,,0,0,1.0,0,0.9750367034248533
40,,,,,0,12,,0,,0,0,1.0,0,0.9322785213589668
41,,,,,0,12,,0,,0,0,1.0,0,0.9685452571077722
42,,,,,0,12,,0,,0,0,1.0,0,0.49995289742806226
43,,,,,0,12,,0,,0,0,1.0,0,0.7948683141132686
44,,,,,0,12,,0,,0,0,1.0,0,0.49995289742806226
45,,,,,0,12,,0,,0,0,1.0,0,0.49995289742806226
46,,,,,0,12,,0,,0,0,1.0,0,0.8894666599591557
47,,,,,0,12,,0,,0,0,1.0,0,0.49995289742806226
48,,,,,0,14,,0,,2,5,1.0,0,0.2514037043692876
49,,,,,0,14,,0,,0,0,1.0,0,0.9322950169444084
50,,,,,0,14,,0,,0,0,1.0,0,0.8241676390171051
51,,,,,0,14,,0,,0,0,1.0,0,0.8662344366312027
52,,,,,0,14,,0,,0,0,1.0,0,0.7149949499961699
53,,,,,0,14,,0,,0,0,1.0,0,0.702971559940073
54,,,,,0,14,,0,,0,0,1.0,0,0.9242789074778557
55,,,,,0,14,,0,,1,0,1.0,0,0.43601560592651367
56,,,,,0,11,,0,,4,4,1.0,0,0.5802291208573912
57,,,,,0,11,,0,,0,1,1.0,0,0.7719838036289094
58,,,,,0,11,,0,,2,2,1.0,0,0.5219631195068359
59,,,,,0,11,,0,,1,1,1.0,0,0.5244141519069672
60,,,,,0,11,,0,,4,4,1.0,0,0.48672893722480814
61,,,,,0,11,,0,,2,2,1.0,0,0.7103832701191237
62,,,,,0,11,,0,,1,1,1.0,0,0.7099942478535843
63,,,,,0,11,,0,,2,3,1.0,0,0.5124585330486298
64,,,,,0,11,,0,,0,1,1.0,0,0.6747203178453717
65,,,,,0,11,,0,,2,1,1.0,0,0.8409162265335388
66,,,,,0,14,,0,,27,26,1.0,0,0.45462530851364136
67,,,,,0,14,,0,,13,12,1.0,0,0.47739267349243164
68,,,,,0,14,,0,,0,0,1.0,0,0.4602688390096674
69,,,,,0,14,,0,,0,0,1.0,0,0.6728669393896516
70,,,,,0,14,,0,,0,0,1.0,0,0.6704075133314689
71,,,,,0,14,,0,,0,0,1.0,0,0.9168909043073654
72,,,,,0,14,,0,,0,0,1.0,0,0.6842387804842717
73,,,,,0,14,,0,,0,0,1.0,0,0.8624894402927492
74,,,,,0,14,,0,,0,0,1.0,0,0.8624894402927492
75,,,,,0,14,,0,,0,0,1.0,0,0.8624894402927492
76,,,,,0,12,,0,,29,22,1.0,0,0.31165857980600353
77,,,,,0,12,,0,,5,6,1.0,0,0.776446521282196
78,,,,,0,12,,0,,15,11,1.0,0,0.29971808195114136
79,,,,,0,12,,0,,1,2,1.0,0,0.7375780940055847
80,,,,,0,12,,0,,0,0,1.0,0,0.7473620176315308
81,,,,,0,12,,0,,1,0,1.0,0,0.7404489671916381
82,,,,,0,12,,0,,1,2,1.0,0,0.7188887596130371
83,,,,,0,12,,0,,2,2,1.0,0,0.5968985259532928
84,,,,,0,12,,0,,1,4,1.0,0,0.9312099346879105
85,,,,,0,12,,0,,0,0,1.0,0,0.9288408905267715
86,,,,,0,12,,0,,0,0,1.0,0,0.7137888797395748
87,,,,,0,12,,0,,22,23,1.0,0,0.5298307836055756
88,,,,,0,12,,0,,6,5,1.0,0,0.6392860197595363
89,,,,,0,14,,0,,1,2,1.0,0,0.7525189446674824
90,,,,,0,14,,0,,1,3,1.0,0,0.600323873767968
91,,,,,0,13,,0,,0,0,1.0,0,0.9675189246987976
92,,,,,0,14,,0,,2,2,1.0,0,0.4696427583694458
93,,,,,0,14,,0,,0,0,1.0,0,0.547831806411254
94,,,,,0,14,,0,,0,0,1.0,0,0.9457764029502869
95,,,,,0,15,,0,,0,0,1.0,0,0.8840767443180084
96,,,,,0,11,,0,,1,1,1.0,0,0.959331139922142
97,,,,,0,11,,0,,1,0,1.0,0,0.9030299724954348
98,,,,,0,11,,0,,2,1,1.0,0,0.7085791565697619
99,,,,,0,11,,0,,0,0,1.0,0,0.7347231507301331
100,,,,,0,11,,0,,0,0,1.0,0,0.7455740419372341
101,,,,,0,11,,0,,0,0,1.0,0,0.7418774808572217
102,,,,,0,11,,0,,1,1,1.0,0,0.7026120335642108
103,,,,,0,11,,0,,0,0,1.0,0,0.8557680567295596
104,,,,,0,11,,0,,1,1,1.0,0,0.8518243387885194
105,,,,,0,11,,0,,0,0,1.0,0,0.7871424067445753
106,,,,,0,10,,0,,5,1,1.0,0,0.4269145727157593
107,,,,,0,14,,0,,20,18,1.0,0,0.31424925667790315
108,,,,,0,14,,0,,3,2,1.0,0,0.44313183765817554
109,,,,,0,14,,0,,1,5,1.0,0,0.4102141857147217
110,,,,,0,12,,0,,0,0,1.0,0,0.7283284664154053
111,,,,,0,12,,0,,0,1,1.0,0,0.767390691262206
112,,,,,0,12,,0,,1,1,1.0,0,0.8555585698949864
113,,,,,0,12,,0,,1,1,1.0,0,0.6373960755703487
114,,,,,0,12,,0,,2,3,1.0,0,0.6034703193026584
115,,,,,0,12,,0,,2,1,1.0,0,0.8909996375441551
116,,,,,0,12,,0,,1,0,1.0,0,0.8610011637210846
117,,,,,0,12,,0,,2,1,1.0,0,0.6028615534305573
118,,,,,0,12,,0,,0,0,1.0,0,0.8315683804072869
119,,,,,0,12,,0,,0,3,1.0,0,0.5205990970134735
120,,,,,0,19,,0,,0,1,1.0,0,0.5252738766617049
121,,,,,0,11,,0,,0,0,1.0,0,0.7803376466035843
122,,,,,0,11,,0,,0,0,1.0,0,0.9233834445476532
123,,,,,0,11,,0,,0,0,1.0,0,0.9495810493826866
124,,,,,0,11,,0,,0,0,1.0,0,0.8490646034479141
125,,,,,0,11,,0,,0,0,1.0,0,0.8944665554483796
126,,,,,0,11,,0,,0,0,1.0,0,0.8925112996988712
127,,,,,0,11,,0,,0,0,1.0,0,0.8780085891485214
128,,,,,0,11,,0,,0,0,1.0,0,0.8580697178840637
129,,,,,0,11,,0,,0,0,1.0,0,0.7839145938208938
130,,,,,0,11,,0,,0,0,1.0,0,0.7733964757086943
131,,,,,0,13,,0,,14,11,1.0,0,0.364734411239624
132,,,,,0,13,,0,,0,1,1.0,0,0.7186661958694458
133,,,,,0,13,,0,,0,1,1.0,0,0.9000735804438591
134,,,,,0,16,,0,,1,0,1.0,0,0.6815050840377808
135,,,,,0,16,,0,,2,1,1.0,0,0.5317151704941738
136,,,,,0,16,,0,,0,0,1.0,0,0.5902372598648071
137,,,,,0,16,,0,,1,0,1.0,0,0.6082728803157806
138,,,,,0,16,,0,,0,0,1.0,0,0.5532655715942383
139,,,,,0,16,,0,,0,0,1.0,0,0.5678530335426331
140,,,,,0,16,,0,,0,0,1.0,0,0.5886149055591274
141,,,,,0,16,,0,,2,0,1.0,0,0.7065805792808533
142,,,,,0,16,,0,,0,0,1.0,0,0.6086716535291568
143,,,,,0,16,,0,,0,0,1.0,0,0.5977135002613068
144,,,,,0,16,,0,,0,0,1.0,0,0.6889306214133089
145,,,,,0,16,,0,,0,0,1.0,0,0.670029153526698
146,,,,,0,12,,0,,7,8,1.0,0,0.3844656577387833
147,,,,,0,12,,0,,0,0,1.0,0,0.9077136191044336
148,,,,,0,12,,0,,0,0,1.0,0,0.7152618511255239
149,,,,,0,12,,0,,2,2,1.0,0,0.5265801705890942
150,,,,,0,12,,0,,0,0,1.0,0,0.7529702486378098
151,,,,,0,12,,0,,0,1,1.0,0,0.8791771122567984
152,,,,,0,12,,0,,0,0,1.0,0,0.9846567129884191
153,,,,,0,12,,0,,9,6,1.0,0,0.5578457415103912
154,,,,,0,12,,0,,6,4,1.0,0,0.4241500578060775
155,,,,,0,12,,0,,1,2,1.0,0,0.6179530024528503
156,,,,,0,12,,0,,4,6,1.0,0,0.4575425982475281
157,,,,,0,12,,0,,0,1,1.0,0,0.4797028017221202
158,,,,,0,16,,0,,0,0,1.0,0,1.0501653306235472
159,,,,,0,13,,0,,0,0,1.0,0,0.9502099826931953
160,,,,,0,12,,0,,0,0,1.0,0,0.9176055938005447
161,,,,,0,8,,0,,2,1,1.0,0,0.6752107046607345
162,,,,,0,8,,0,,1,3,1.0,0,0.20162498950958252
163,,,,,0,8,,0,,0,0,1.0,0,0.9288336538920895
164,,,,,0,18,,0,,18,17,1.0,0,0.32939302921295166
165,,,,,0,11,,0,,6,5,1.0,0,0.4264168397436632
166,,,,,0,11,,0,,12,12,1.0,0,0.3483191547774215
167,,,,,0,11,,0,,7,4,1.0,0,0.44598850285938296
168,,,,,0,11,,0,,5,4,1.0,0,0.4533940823909084
169,,,,,0,11,,0,,4,3,1.0,0,0.4930369845672792
170,,,,,0,11,,0,,3,2,1.0,0,0.5189071308915089
171,,,,,0,11,,0,,0,0,1.0,0,0.49899667489488664
172,,,,,0,11,,0,,0,0,1.0,0,0.8119829184998818
173,,,,,0,11,,0,,7,6,1.0,0,0.3323105771726702
174,,,,,0,11,,0,,9,8,1.0,0,0.3322456479072571
175,,,,,0,10,,0,,10,8,1.0,0,0.24305886030197144
176,,,,,0,14,,0,,0,0,1.0,0,0.8832349891434607
177,,,,,0,14,,0,,0,0,1.0,0,0.8038791152166789
178,,,,,0,14,,0,,0,0,1.0,0,0.6272478962464225
179,,,,,0,14,,0,,0,0,1.0,0,0.8520350964090283
180,,,,,0,14,,0,,0,0,1.0,0,0.5271304249763489
181,,,,,0,14,,0,,0,0,1.0,0,0.9176895444896681
182,,,,,0,14,,0,,0,0,1.0,0,0.9851774219901813
183,,,,,0,14,,0,,0,0,1.0,0,0.9176895444896681
184,,,,,0,14,,0,,0,0,1.0,0,0.9176895444896681
185,,,,,0,14,,0,,0,0,1.0,0,0.9176895444896681
186,,,,,0,12,,0,,1,4,1.0,0,0.5487316490731626
187,,,,,0,12,,0,,3,5,1.0,0,0.5438505086987899
188,,,,,0,12,,0,,0,0,1.0,0,0.9101312321189808
189,,,,,0,12,,0,,0,0,1.0,0,0.9257672070542322
190,,,,,0,12,,0,,0,0,1.0,0,0.8693619902082679
191,,,,,0,12,,0,,0,0,1.0,0,0.9257672070542322
192,,,,,0,13,,0,,4,1,1.0,0,0.5130702112039984
193,,,,,0,13,,0,,0,0,1.0,0,0.9295268186785822
194,,,,,0,13,,0,,0,0,1.0,0,0.9295268186785822
195,,,,,0,19,,0,,10,13,1.0,0,0.5214619040489197
196,,,,,0,19,,0,,3,4,1.0,0,0.5603004693984985
197,,,,,0,19,,0,,0,0,1.0,0,1.0170783642679453
198,,,,,0,19,,0,,1,2,1.0,0,0.6813307309547283
199,,,,,0,11,,0,,9,4,1.0,0,0.28736470006003045
200,,,,,0,11,,0,,3,1,1.0,0,0.6441056026251792
201,,,,,0,13,,0,,9,8,1.0,0,0.4746467754034257
202,,,,,0,13,,0,,13,13,1.0,0,0.3425920605659485
203,,,,,0,13,,0,,1,2,1.0,0,0.7345725297927856
204,,,,,0,13,,0,,0,0,1.0,0,0.8442977024405509
205,,,,,0,13,,0,,0,0,1.0,0,0.9835089631378651
206,,,,,0,13,,0,,0,0,1.0,0,0.9835089631378651
207,,,,,0,13,,0,,0,0,1.0,0,0.9835089631378651
208,,,,,0,11,,0,,8,7,1.0,0,0.49225386931025117
209,,,,,0,11,,0,,1,1,1.0,0,0.8784331645160758
210,,,,,0,11,,0,,0,2,1.0,0,0.6040729644342037
211,,,,,0,11,,0,,0,1,1.0,0,0.9053767770528793
212,,,,,0,11,,0,,0,0,1.0,0,0.8539968791006133
213,,,,,0,11,,0,,0,0,1.0,0,0.7486787438392639
214,,,,,0,11,,0,,0,0,1.0,0,0.795251193359565
215,,,,,0,11,,0,,0,0,1.0,0,1.0128791101615826
216,,,,,0,11,,0,,0,0,1.0,0,0.7921780049800873
217,,,,,0,11,,0,,0,0,1.0,0,0.7539518480243484
218,,,,,0,13,,0,,1,0,1.0,0,0.7227089322420635
219,,,,,0,13,,0,,6,6,1.0,0,0.3108063916092838
220,,,,,0,13,,0,,1,1,1.0,0,1.0263419140530203
221,,,,,0,13,,0,,2,0,1.0,0,0.6819490099534096
222,,,,,0,13,,0,,3,2,1.0,0,0.7184807574296221
223,,,,,0,13,,0,,0,0,1.0,0,0.7856406675851934
224,,,,,0,13,,0,,0,0,1.0,0,0.6126659877697216
225,,,,,0,13,,0,,0,1,1.0,0,0.6142890819483442
226,,,,,0,13,,0,,0,0,1.0,0,0.8812638411302519
227,,,,,0,13,,0,,0,0,1.0,0,0.6398178231661862
228,,,,,0,8,,0,,15,16,1.0,0,0.7027915450446187
229,,,,,0,8,,0,,11,13,1.0,0,0.730215831411828
230,,,,,0,8,,0,,4,6,1.0,0,0.6523638160445575
231,,,,,0,8,,0,,4,4,1.0,0,0.9597236105552562
232,,,,,0,8,,0,,1,3,1.0,0,0.6994551151503714
233,,,,,0,8,,0,,35,37,1.0,0,0.34330336371699866
234,,,,,0,8,,0,,5,3,1.0,0,0.7206771124014646
235,,,,,0,8,,0,,0,0,1.0,0,0.9001949817058431
236,,,,,0,8,,0,,0,1,1.0,0,0.8976631073054465
237,,,,,0,8,,0,,0,1,1.0,0,0.9102975741472196
238,,,,,0,15,,0,,0,0,1.0,0,0.7370400428771973
239,,,,,0,15,,0,,0,0,1.0,0,0.668705155512844
240,,,,,0,15,,0,,0,0,1.0,0,0.7765629522968217
241,,,,,0,15,,0,,0,0,1.0,0,0.761378824710846
242,,,,,0,15,,0,,0,0,1.0,0,0.9210565215664065
243,,,,,0,15,,0,,0,0,1.0,0,0.9210565215664065
244,,,,,0,15,,0,,0,0,1.0,0,0.9210565215664065
245,,,,,0,15,,0,,0,0,1.0,0,0.9210565215664065
246,,,,,0,12,,0,,1,1,1.0,0,0.4638134241104126
247,,,,,0,12,,0,,1,0,1.0,0,0.4754200577735901
248,,,,,0,13,,0,,2,3,1.0,0,0.5858386980746997
249,,,,,0,13,,0,,0,0,1.0,0,0.6297832694455909
250,,,,,0,13,,0,,0,0,1.0,0,0.6884632520951773
251,,,,,0,16,,0,,1,1,1.0,0,0.32971368222575403
252,,,,,0,16,,0,,13,16,1.0,0,0.3305240670002716
253,,,,,0,16,,0,,0,0,1.0,0,0.9258340373635292
254,,,,,0,10,,0,,1,0,1.0,0,0.685688316822052
255,,,,,0,10,,0,,0,0,1.0,0,0.4160588805693052
256,,,,,0,10,,0,,1,3,1.0,0,0.36043133499809
257,,,,,0,10,,0,,0,1,1.0,0,0.5055027008056641
258,,,,,0,15,,0,,2,0,1.0,0,0.36790019273757935
259,,,,,0,15,,0,,0,0,1.0,0,0.6109738416060109
260,,,,,0,15,,0,,0,0,1.0,0,0.8156915252116776
261,,,,,0,15,,0,,0,0,1.0,0,0.9923159396275878
262,,,,,0,14,,0,,0,1,1.0,0,0.8578934222459793
263,,,,,0,12,,0,,5,6,1.0,0,0.3370506763458252
264,,,,,0,12,,0,,1,0,1.0,0,0.7702307334611037
265,,,,,0,12,,0,,0,0,1.0,0,0.8977625874664709
266,,,,,0,12,,0,,0,0,1.0,0,0.8828001285433807
267,,,,,0,12,,0,,0,0,1.0,0,0.8595247268676758
268,,,,,0,12,,0,,0,0,1.0,0,0.940420038998127
269,,,,,0,12,,0,,0,0,1.0,0,0.940420038998127
270,,,,,0,13,,0,,2,3,1.0,0,0.4283052682876587
271,,,,,0,9,,0,,0,0,1.0,0,1.0033087070154758
272,,,,,0,15,,0,,9,12,1.0,0,0.5011553466320038
273,,,,,0,15,,0,,2,2,1.0,0,0.7940258918412295
274,,,,,0,15,,0,,0,1,1.0,0,0.799526184797287
275,,,,,0,15,,0,,1,2,1.0,0,0.7670749107509941
276,,,,,0,15,,0,,0,2,1.0,0,0.7206574082374573
277,,,,,0,15,,0,,1,0,1.0,0,0.821086566383447
278,,,,,0,15,,0,,0,1,1.0,0,0.8663451224565506
279,,,,,0,15,,0,,0,0,1.0,0,0.957306519150734
280,,,,,0,15,,0,,0,1,1.0,0,0.8118701279163361
281,,,,,0,15,,0,,1,1,1.0,0,0.6951601621604058
282,,,,,0,15,,0,,1,2,1.0,0,0.7282194061148516
283,,,,,0,15,,0,,3,4,1.0,0,0.3246583938598633
284,,,,,0,15,,0,,1,1,1.0,0,0.4807869505413195
285,,,,,0,15,,0,,1,0,1.0,0,0.8260961771011353
286,,,,,0,15,,0,,0,2,1.0,0,0.4229890704154968
287,,,,,0,15,,0,,0,0,1.0,0,0.5422074769611662
288,,,,,0,15,,0,,0,0,1.0,0,0.8729387299454967
289,,,,,0,15,,0,,0,0,1.0,0,0.8080338205078944
290,,,,,0,15,,0,,0,0,1.0,0,0.6666273077352454
291,,,,,0,15,,0,,0,0,1.0,0,0.849642434737537
292,,,,,0,21,,0,,0,1,1.0,0,0.5577167736803521
293,,,,,0,21,,0,,0,0,1.0,0,0.6281860768795013
294,,,,,0,21,,0,,0,0,1.0,0,0.5406554317083689
295,,,,,0,21,,0,,0,0,1.0,0,0.7835227529094959
296,,,,,0,21,,0,,1,1,1.0,0,0.4544617208517614
297,,,,,0,21,,0,,1,1,1.0,0,0.5003825426101685
298,,,,,0,21,,0,,0,0,1.0,0,0.7271372107103793
299,,,,,0,12,,0,,9,5,1.0,0,0.4395486116409302
300,,,,,0,12,,0,,0,0,1.0,0,0.7728567570447922
301,,,,,0,12,,0,,0,0,1.0,0,0.8516893684864044
302,,,,,0,15,,0,,1,1,1.0,0,0.6947419461454116
303,,,,,0,15,,0,,0,0,1.0,0,0.8479975371359308
304,,,,,0,15,,0,,0,0,1.0,0,0.601539755005217
305,,,,,0,15,,0,,0,0,1.0,0,0.9354305190361161
306,,,,,0,15,,0,,0,0,1.0,0,0.9355585200260301
307,,,,,0,15,,0,,0,0,1.0,0,0.9394107871896497
308,,,,,0,15,,0,,0,0,1.0,0,0.8740453496006337
309,,,,,0,14,,0,,1,3,1.0,0,0.44169422636593636
310,,,,,0,16,,0,,1,4,1.0,0,0.4699108880705162
311,,,,,0,16,,0,,4,5,1.0,0,0.2266728417082321
312,,,,,0,16,,0,,3,6,1.0,0,0.18601219529022206
313,,,,,0,16,,0,,2,1,1.0,0,0.4086902141571045
314,,,,,0,16,,0,,0,0,1.0,0,0.8480598285216041
315,,,,,0,18,,0,,0,0,1.0,0,1.1178420742703103
316,,,,,0,18,,0,,0,0,1.0,0,1.07791824871058
317,,,,,0,18,,0,,0,0,1.0,0,0.9639536951170473
318,,,,,0,14,,0,,5,5,1.0,0,0.27167794918054156
319,,,,,0,13,,0,,12,7,1.0,0,0.2866024971008301
320,,,,,0,15,,0,,3,0,1.0,0,0.26643572051631537
321,,,,,0,16,,0,,4,5,1.0,0,0.7953612208366394
322,,,,,0,16,,0,,0,1,1.0,0,0.7596312165260315
323,,,,,0,16,,0,,1,1,1.0,0,0.6483356847863102
324,,,,,0,16,,0,,2,5,1.0,0,0.5174714624881744
325,,,,,0,16,,0,,1,1,1.0,0,0.8650916883404067
326,,,,,0,16,,0,,0,2,1.0,0,0.7886989053696067
327,,,,,0,16,,0,,1,0,1.0,0,0.9270593374967575
328,,,,,0,16,,0,,0,0,1.0,0,0.9314111545681953
329,,,,,0,14,,0,,4,2,1.0,0,0.4279129334662236
330,,,,,0,14,,0,,0,0,1.0,0,0.5057470798492432
331,,,,,0,9,,0,,26,22,1.0,0,0.6011331319133554
332,,,,,0,9,,0,,39,37,1.0,0,0.25675813813458914
333,,,,,0,9,,0,,9,9,1.0,0,0.7666914900129141
334,,,,,0,9,,0,,14,12,1.0,0,0.7486138643486644
335,,,,,0,9,,0,,0,1,1.0,0,0.8923662965079368
336,,,,,0,9,,0,,0,0,1.0,0,1.057110421359539
337,,,,,0,9,,0,,0,0,1.0,0,0.8404242789492438
338,,,,,0,9,,0,,0,0,1.0,0,0.919306335192541
339,,,,,0,9,,0,,0,0,1.0,0,1.0042669956822994
340,,,,,0,9,,0,,0,0,1.0,0,0.7960877065554001
341,,,,,0,9,,0,,51,39,1.0,0,0.24663805961608887
342,,,,,0,9,,0,,3,2,1.0,0,0.824623242020607
343,,,,,0,13,,0,,18,18,1.0,0,0.4270796859633619
344,,,,,0,14,,0,,8,7,1.0,0,0.47527000160634436
345,,,,,0,14,,0,,0,3,1.0,0,0.6083749532699585
346,,,,,0,14,,0,,0,0,1.0,0,0.8876524783580017
347,,,,,0,14,,0,,0,0,1.0,0,0.9978419095277786
348,,,,,0,14,,0,,0,0,1.0,0,0.9978419095277786
349,,,,,0,14,,0,,0,0,1.0,0,0.9978419095277786
350,,,,,0,14,,0,,0,0,1.0,0,0.9978419095277786
351,,,,,0,11,,0,,21,22,1.0,0,0.36386368763040533
352,,,,,0,11,,0,,1,1,1.0,0,0.7420885188009892
353,,,,,0,11,,0,,1,1,1.0,0,0.8482436239719391
354,,,,,0,11,,0,,4,4,1.0,0,0.38926756381988525
355,,,,,0,11,,0,,5,4,1.0,0,0.5799461257489837
356,,,,,0,11,,0,,0,0,1.0,0,0.7508799583244294
357,,,,,0,11,,0,,0,1,1.0,0,0.6445145097085535
358,,,,,0,11,,0,,0,0,1.0,0,0.9765034783631563
359,,,,,0,11,,0,,0,0,1.0,0,0.9248468279838562
360,,,,,0,11,,0,,0,0,1.0,0,0.9765034783631563
361,,,,,0,10,,0,,17,15,1.0,0,0.4525229767716815
362,,,,,0,13,,0,,26,23,1.0,0,0.37588817261649476
363,,,,,0,17,,0,,40,33,1.0,0,0.3810255158558784
364,,,,,0,17,,0,,0,1,1.0,0,0.8752578757780156
365,,,,,0,17,,0,,0,0,1.0,0,0.7762231924733385
366,,,,,0,10,,0,,24,26,1.0,0,0.3423219723201383
367,,,,,0,10,,0,,5,5,1.0,0,0.8423147350549698
368,,,,,0,10,,0,,10,11,1.0,0,0.7267265915870667
369,,,,,0,10,,0,,0,0,1.0,0,1.0015146983787417
370,,,,,0,10,,0,,0,0,1.0,0,1.0015146983787417
371,,,,,0,10,,0,,1,1,1.0,0,0.641977748752966
372,,,,,0,10,,0,,0,0,1.0,0,1.0015146983787417
373,,,,,0,10,,0,,4,4,1.0,0,0.8555464658466853
374,,,,,0,10,,0,,0,1,1.0,0,0.6391522884368896
375,,,,,0,10,,0,,5,6,1.0,0,0.6917084455490112
376,,,,,0,9,,0,,3,4,1.0,0,0.6695190569615082
377,,,,,0,9,,0,,0,1,1.0,0,0.8242853827561551
378,,,,,0,9,,0,,9,10,1.0,0,0.6040829662158741
379,,,,,0,9,,0,,1,1,1.0,0,0.6285226907005317
380,,,,,0,9,,0,,3,3,1.0,0,0.6051100555127885
381,,,,,0,9,,0,,12,10,1.0,0,0.5398034316242761
382,,,,,0,9,,0,,1,3,1.0,0,0.7190290009686051
383,,,,,0,9,,0,,3,3,1.0,0,0.8877472397013676
384,,,,,0,9,,0,,0,0,1.0,0,0.7921739518642426
385,,,,,0,9,,0,,0,0,1.0,0,0.9083402000373777
386,,,,,0,13,,0,,14,16,1.0,0,0.4291072487831116
387,,,,,0,11,,0,,10,12,1.0,0,0.48053732398374727
388,,,,,0,11,,0,,0,2,1.0,0,0.7110093533992767
389,,,,,0,12,,0,,22,18,0.991304347826087,0,0.2956455945968628
390,,,,,0,12,,0,,8,10,1.0,0,0.35713442308511756
391,,,,,0,10,,0,,12,9,1.0,0,0.3368353247642517
392,,,,,0,16,,0,,8,14,1.0,0,0.56430496850356
393,,,,,0,16,,0,,15,28,1.0,0,0.25221851494532466
394,,,,,0,16,,0,,1,2,1.0,0,0.740560098919874
395,,,,,0,13,,0,,31,29,1.0,0,0.2267645001411438
396,,,,,0,13,,0,,4,5,1.0,0,0.7634779073880852
397,,,,,0,13,,0,,2,4,1.0,0,0.7428800463676453
398,,,,,0,13,,0,,5,5,1.0,0,0.5938433166648927
399,,,,,0,12,,0,,26,24,0.9819819819819819,0,0.24421851371416237
400,,,,,0,12,,0,,3,4,1.0,0,0.7606801241636276
401,,,,,0,12,,0,,0,1,1.0,0,0.7550151792159565
402,,,,,0,12,,0,,0,0,1.0,0,0.649955016379948
403,,,,,0,12,,0,,0,0,1.0,0,0.9580933650620738
404,,,,,0,12,,0,,0,0,1.0,0,0.915161743760109
405,,,,,0,12,,0,,0,0,1.0,0,0.914808382701374
406,,,,,0,12,,0,,0,0,1.0,0,0.8981906846165657
407,,,,,0,12,,0,,1,1,1.0,0,0.7900902754014563
408,,,,,0,12,,0,,0,1,1.0,0,0.871194444823596
409,,,,,0,15,,0,,15,17,1.0,0,0.3723269326881715
410,,,,,0,11,,0,,9,10,1.0,0,0.7545515298843384
411,,,,,0,11,,0,,2,1,1.0,0,0.7244452073839426
412,,,,,0,11,,0,,6,5,1.0,0,0.5014037789587675
413,,,,,0,11,,0,,2,4,1.0,0,0.6539970831274116
414,,,,,0,11,,0,,0,2,1.0,0,0.7131896529552235
415,,,,,0,11,,0,,0,0,1.0,0,0.9423242790199601
416,,,,,0,11,,0,,0,1,1.0,0,0.6926778280148936
417,,,,,0,11,,0,,0,0,1.0,0,0.9603998376667402
418,,,,,0,11,,0,,2,2,1.0,0,0.6996368080269337
419,,,,,0,11,,0,,1,2,1.0,0,0.6986669898033142
420,,,,,0,13,,0,,19,17,1.0,0,0.6168192510849013
421,,,,,0,13,,0,,0,1,1.0,0,0.8675907473320212
422,,,,,0,15,,0,,11,11,1.0,0,0.5065412223339081
423,,,,,0,15,,0,,0,2,1.0,0,0.5716702938079834
424,,,,,0,15,,0,,0,0,1.0,0,0.9311919104342513
425,,,,,0,12,,0,,34,30,1.0,0,0.4353436568174557
426,,,,,0,12,,0,,14,10,1.0,0,0.3966161012649536
427,,,,,0,11,,0,,3,2,1.0,0,0.3985016345977783
428,,,,,0,16,,0,,16,13,1.0,0,0.3790684753378769
429,,,,,0,16,,0,,8,5,1.0,0,0.527197539806366
430,,,,,0,16,,0,,0,0,1.0,0,0.7339203059673309
431,,,,,0,16,,0,,0,0,1.0,0,0.997835848480463
432,,,,,0,15,,0,,23,16,1.0,0,0.3073122501373291
433,,,,,0,15,,0,,0,0,1.0,0,0.7786905318498611
434,,,,,0,15,,0,,6,5,1.0,0,0.38344061374664307
435,,,,,0,12,,0,,37,29,1.0,0,0.36914709990339767
436,,,,,0,12,,0,,0,0,1.0,0,0.9699916653335094
437,,,,,0,13,,0,,28,26,0.9908256880733946,0,0.3662570148340154
438,,,,,0,13,,0,,5,6,1.0,0,0.6746489405632019
439,,,,,0,13,,0,,0,0,1.0,0,0.47997410416371356
440,,,,,0,13,,0,,0,1,1.0,0,0.8705668372253677
441,,,,,0,13,,0,,0,1,1.0,0,0.7082037751796106
442,,,,,0,13,,0,,1,2,1.0,0,0.8404694998544153
443,,,,,0,13,,0,,0,1,1.0,0,0.9017145128079956
444,,,,,0,13,,0,,0,0,1.0,0,0.8349088084589003
445,,,,,0,13,,0,,0,3,1.0,0,0.8006315678358078
446,,,,,0,13,,0,,0,1,1.0,0,0.9641105362242779
447,,,,,0,11,,0,,20,16,1.0,0,0.32178030376971645
448,,,,,0,16,,0,,10,9,1.0,0,0.2997375518005354
449,,,,,0,16,,0,,1,1,1.0,0,0.6338496695116063
450,,,,,0,13,,0,,17,11,1.0,0,0.3024189291942746
451,,,,,0,14,,0,,5,14,1.0,0,0.2679067094381612
452,,,,,0,14,,0,,7,7,1.0,0,0.4682892002714596
453,,,,,0,14,,0,,0,0,1.0,0,0.9714305009692907
454,,,,,0,14,,0,,1,2,1.0,0,0.29072545226064483
455,,,,,0,14,,0,,0,0,1.0,0,0.6489578098679888
456,,,,,0,14,,0,,0,0,1.0,0,0.897378271974428
457,,,,,0,12,,0,,23,17,1.0,0,0.4138110876083374
458,,,,,0,12,,0,,1,2,1.0,0,0.8803041130304337
459,,,,,0,12,,0,,1,2,1.0,0,0.7733877152204514
460,,,,,0,12,,0,,1,3,1.0,0,0.6333737969398499
461,,,,,0,12,,0,,1,1,1.0,0,0.8284541764394693
462,,,,,0,12,,0,,0,1,1.0,0,0.7072426589501695
463,,,,,0,12,,0,,1,1,1.0,0,0.7384901940822601
464,,,,,0,12,,0,,0,1,1.0,0,0.7227659738888135
465,,,,,0,12,,0,,0,1,1.0,0,0.8164217715389064
466,,,,,0,12,,0,,23,17,1.0,0,0.3849441409111023
467,,,,,0,12,,0,,27,23,1.0,0,0.3376758098602295
468,,,,,0,12,,0,,0,0,1.0,0,0.8514338091443123
469,,,,,0,15,,0,,13,9,1.0,0,0.39556777477264404
470,,,,,0,15,,0,,0,1,1.0,0,0.753264039365762
471,,,,,0,10,,0,,5,5,1.0,0,0.45172235081925005
472,,,,,0,10,,0,,4,4,1.0,0,0.33692461252212524
473,,,,,0,10,,0,,1,0,1.0,0,0.7076868763343223
474,,,,,0,10,,0,,1,1,1.0,0,0.8176318407058716
475,,,,,0,10,,0,,0,0,1.0,0,0.8076305389404297
476,,,,,0,10,,0,,4,5,1.0,0,0.4919212167309981
477,,,,,0,14,,0,,8,7,1.0,0,0.4078360443017499
478,,,,,0,14,,0,,20,22,1.0,0,0.3583742380142212
479,,,,,0,14,,0,,2,4,1.0,0,0.414477211668408
480,,,,,0,14,,0,,0,0,1.0,0,0.9962016176432371
481,,,,,0,14,,0,,0,0,1.0,0,0.9962016176432371
482,,,,,0,14,,0,,0,0,1.0,0,0.9962016176432371
483,,,,,0,7,,0,,17,16,1.0,0,0.3787894063827216
484,,,,,0,7,,0,,20,19,1.0,0,0.5336544215679169
485,,,,,0,7,,0,,19,18,1.0,0,0.4022143901054377
486,,,,,0,7,,0,,7,9,1.0,0,0.37833802039438524
487,,,,,0,7,,0,,0,0,1.0,0,0.7266210832184874
488,,,,,0,7,,0,,1,1,1.0,0,0.9288701596182679
489,,,,,0,7,,0,,0,0,1.0,0,0.9689997928291497
490,,,,,0,7,,0,,1,1,1.0,0,0.6289009341270009
491,,,,,0,7,,0,,0,0,1.0,0,0.6963728277794368
492,,,,,0,7,,0,,0,0,1.0,0,0.9155629997123181
493,,,,,0,13,,0,,10,8,1.0,0,0.38023851035603706
494,,,,,0,13,,0,,0,3,1.0,0,0.5884946339425219
495,,,,,0,13,,0,,1,3,1.0,0,0.46379297971725464
496,,,,,0,13,,0,,0,1,1.0,0,0.764447406795466
497,,,,,0,13,,0,,0,0,1.0,0,0.8276845617482325
498,,,,,0,13,,0,,32,26,0.9855072463768116,0,0.31841879949737506
499,,,,,0,13,,0,,2,2,1.0,0,0.6713494164555911
500,,,,,0,13,,0,,0,0,1.0,0,0.9362985919802961
501,,,,,0,13,,0,,18,16,1.0,0,0.31426723684473135
502,,,,,0,13,,0,,0,0,1.0,0,0.9292950928211212
503,,,,,0,13,,0,,0,0,1.0,0,0.9292950928211212
504,,,,,0,14,,0,,7,6,1.0,0,0.3303823471069336
505,,,,,0,14,,0,,13,13,1.0,0,0.7300282555835395
506,,,,,0,14,,0,,4,5,1.0,0,0.8316021908284537
507,,,,,0,14,,0,,5,6,1.0,0,0.8024731101816686
508,,,,,0,14,,0,,5,7,1.0,0,0.7490799873518932
509,,,,,0,14,,0,,12,14,1.0,0,0.6694771450446328
510,,,,,0,14,,0,,7,6,1.0,0,0.8171775341033936
511,,,,,0,14,,0,,3,4,1.0,0,0.8732129557855697
512,,,,,0,14,,0,,0,4,1.0,0,0.8138441127995346
513,,,,,0,14,,0,,18,15,1.0,0,0.5841911361388371
514,,,,,0,14,,0,,2,3,1.0,0,0.8002320706982651
515,,,,,0,9,,0,,14,12,1.0,0,0.38618654485224346
516,,,,,0,9,,0,,2,3,1.0,0,0.6021024882793427
517,,,,,0,9,,0,,0,0,1.0,0,0.6682654520352318
518,,,,,0,9,,0,,0,0,1.0,0,0.7411761052467907
519,,,,,0,9,,0,,0,0,1.0,0,0.917507216334343
520,,,,,0,9,,0,,0,0,1.0,0,0.8399366438388824
521,,,,,0,9,,0,,0,0,1.0,0,0.7862591381746273
522,,,,,0,9,,0,,0,0,1.0,0,0.8329657862474258
523,,,,,0,9,,0,,0,0,1.0,0,0.8826570028858484
524,,,,,0,9,,0,,0,0,1.0,0,0.8826570028858484
525,,,,,0,14,,0,,18,14,1.0,0,0.18478756041600797
526,,,,,0,14,,0,,0,0,1.0,0,0.97076759301126
527,,,,,0,15,,0,,2,4,1.0,0,0.47444585118020377
528,,,,,0,15,,0,,0,0,1.0,0,0.9903943386066354
529,,,,,0,15,,0,,0,0,1.0,0,0.9903943386066354
530,,,,,0,10,,0,,16,15,1.0,0,0.3153564929962158
531,,,,,0,10,,0,,0,2,1.0,0,0.7406003177165985
532,,,,,0,10,,0,,11,14,1.0,0,0.29769058809820215
533,,,,,0,10,,0,,12,14,1.0,0,0.29318058490753174
534,,,,,0,10,,0,,0,0,1.0,0,0.7875254578873239
535,,,,,0,10,,0,,0,1,1.0,0,0.930819996497631
536,,,,,0,10,,0,,1,1,1.0,0,0.5383368134498596
537,,,,,0,10,,0,,1,2,1.0,0,0.3904171041027078
538,,,,,0,10,,0,,0,0,1.0,0,0.6861078441143036
539,,,,,0,10,,0,,0,0,1.0,0,0.8106756137996167
540,,,,,0,9,,0,,2,3,1.0,0,0.5298851448229034
541,,,,,0,8,,0,,23,18,1.0,0,0.24729645252227783
542,,,,,0,8,,0,,0,1,1.0,0,0.7557428777217865
543,,,,,0,8,,0,,14,11,1.0,0,0.44338738918304443
544,,,,,0,8,,0,,2,2,1.0,0,0.4905767288975931
545,,,,,0,8,,0,,0,1,1.0,0,0.5442949993698296
546,,,,,0,8,,0,,0,0,1.0,0,0.7932589948177338
547,,,,,0,8,,0,,0,0,1.0,0,1.0557942055165768
548,,,,,0,8,,0,,0,0,1.0,0,0.825914392647576
549,,,,,0,13,,0,,10,6,1.0,0,0.3963865637779236
550,,,,,0,13,,0,,1,0,1.0,0,0.7064917683601379
551,,,,,0,13,,0,,0,0,1.0,0,0.9575121402740479
552,,,,,0,13,,0,,0,0,1.0,0,0.9575121402740479
553,,,,,0,13,,0,,0,0,1.0,0,0.9575121402740479
554,,,,,0,13,,0,,0,0,1.0,0,0.9575121402740479
555,,,,,0,13,,0,,0,0,1.0,0,0.9575121402740479
556,,,,,0,11,,0,,29,22,1.0,0,0.2322797546470089
557,,,,,0,11,,0,,4,1,1.0,0,0.8068163990974426
558,,,,,0,11,,0,,1,1,1.0,0,0.49581366777420044
559,,,,,0,11,,0,,1,1,1.0,0,0.6742708585939066
560,,,,,0,11,,0,,0,0,1.0,0,0.9734093882143497
561,,,,,0,11,,0,,0,0,1.0,0,0.6803978276015616
562,,,,,0,11,,0,,3,3,1.0,0,0.43846932420317286
563,,,,,0,11,,0,,0,0,1.0,0,0.9573277930118975
564,,,,,0,11,,0,,0,0,1.0,0,0.8306865394115448
565,,,,,0,13,,0,,5,3,1.0,0,0.5383960008621216
566,,,,,0,13,,0,,8,8,1.0,0,0.3534640073776245
567,,,,,0,13,,0,,1,1,1.0,0,0.8534509539604187
568,,,,,0,13,,0,,0,0,1.0,0,0.9798975854305974
569,,,,,0,13,,0,,0,1,1.0,0,0.7298811376094818
570,,,,,0,13,,0,,0,1,1.0,0,0.9422454203513514
571,,,,,0,13,,0,,0,1,1.0,0,0.9843375533819199
572,,,,,0,13,,0,,0,0,1.0,0,0.8731810748577118
573,,,,,0,13,,0,,0,0,1.0,0,0.7241570055484772
574,,,,,0,13,,0,,0,0,1.0,0,0.9358675479888916
575,,,,,0,12,,0,,17,16,1.0,0,0.5611646509864711
576,,,,,0,12,,0,,13,14,1.0,0,0.5461190342903137
577,,,,,0,12,,0,,23,20,1.0,0,0.36947739124298096
578,,,,,0,12,,0,,17,15,1.0,0,0.4543453888400012
579,,,,,0,12,,0,,9,8,1.0,0,0.6031904220581055
580,,,,,0,12,,0,,10,9,1.0,0,0.3468156250229094
581,,,,,0,12,,0,,11,11,1.0,0,0.4570350102144429
582,,,,,0,12,,0,,9,9,1.0,0,0.42239898443222046
583,,,,,0,12,,0,,0,1,1.0,0,0.6283920109272003
584,,,,,0,12,,0,,3,3,1.0,0,0.6258682906627655
585,,,,,0,17,,0,,8,4,1.0,0,0.27251370385370743
586,,,,,0,12,,0,,19,17,1.0,0,0.6093945670849573
587,,,,,0,12,,0,,19,16,0.9841269841269842,0,0.5404604077339172
588,,,,,0,12,,0,,2,2,1.0,0,0.6687685448665288
589,,,,,0,13,,0,,15,11,1.0,0,0.466322334627965
590,,,,,0,13,,0,,0,0,1.0,0,0.8104061037302017
591,,,,,0,13,,0,,3,2,1.0,0,0.9020878970623016
592,,,,,0,14,,0,,9,10,1.0,0,0.32052900317484034
593,,,,,0,17,,0,,0,0,1.0,0,0.7988700866699219
594,,,,,0,17,,0,,0,1,1.0,0,0.5914368629455566
595,,,,,0,17,,0,,1,2,1.0,0,0.2766324015417526
596,,,,,0,17,,0,,2,2,1.0,0,0.38901522094101926
597,,,,,0,17,,0,,0,0,1.0,0,0.9636273548678966
598,,,,,0,14,,0,,18,17,1.0,0,0.4575438337786145
599,,,,,0,14,,0,,13,15,1.0,0,0.329823652798642
600,,,,,0,14,,0,,2,1,1.0,0,0.5979756593100921
601,,,,,0,13,,0,,3,4,1.0,0,0.50902059674263
602,,,,,0,13,,0,,1,0,1.0,0,0.6732852860263154
603,,,,,0,14,,0,,11,11,1.0,0,0.4082336778501454
604,,,,,0,14,,0,,1,2,1.0,0,0.5268910527229309
605,,,,,0,14,,0,,15,13,1.0,0,0.3984196544635491
606,,,,,0,14,,0,,0,0,1.0,0,0.5868853032588959
607,,,,,0,11,,0,,8,9,1.0,0,0.3510788679122925
608,,,,,0,11,,0,,0,1,1.0,0,0.7998244106717232
609,,,,,0,11,,0,,0,1,1.0,0,0.7996337056050808
610,,,,,0,11,,0,,0,1,1.0,0,0.7692172080278397
611,,,,,0,11,,0,,0,0,1.0,0,0.8741623014211655
612,,,,,0,21,,0,,6,3,1.0,0,0.36097776889801025
613,,,,,0,10,,0,,14,11,1.0,0,0.39778790487122995
614,,,,,0,10,,0,,12,9,1.0,0,0.31507062911987305
615,,,,,0,10,,0,,5,5,1.0,0,0.5191319871466159
616,,,,,0,10,,0,,3,2,1.0,0,0.5062310691934178
617,,,,,0,10,,0,,0,0,1.0,0,0.9881081690649289
618,,,,,0,10,,0,,1,1,1.0,0,0.5860813753507852
619,,,,,0,11,,0,,10,12,1.0,0,0.36647220650149515
620,,,,,0,15,,0,,0,1,1.0,0,0.8241326615731319
621,,,,,0,15,,0,,1,3,1.0,0,0.6814891695976257
622,,,,,0,15,,0,,9,11,1.0,0,0.5106846392154694
623,,,,,0,15,,0,,1,2,1.0,0,0.7301371017139285
624,,,,,0,15,,0,,6,7,1.0,0,0.5057719202569697
625,,,,,0,15,,0,,4,2,1.0,0,0.597702550819592
626,,,,,0,15,,0,,2,1,1.0,0,0.567889805561911
627,,,,,0,15,,0,,1,1,1.0,0,0.6573320627212524
628,,,,,0,15,,0,,1,0,1.0,0,0.9342515394091606
629,,,,,0,15,,0,,2,2,1.0,0,0.6082422797824304
630,,,,,0,16,,0,,29,21,0.9925925925925926,0,0.3810818606937484
631,,,,,0,16,,0,,0,0,1.0,0,0.9723376157831435
632,,,,,0,8,,0,,9,7,1.0,0,0.35355601768362543
633,,,,,0,15,,0,,14,13,1.0,0,0.298234802589725
634,,,,,0,15,,0,,0,1,1.0,0,0.8509983867406845
635,,,,,0,15,,0,,0,0,1.0,0,0.9880479350686073
636,,,,,0,15,,0,,0,0,1.0,0,0.9220266388638829
637,,,,,0,12,,0,,7,5,1.0,0,0.41740366324208056
638,,,,,0,12,,0,,0,0,1.0,0,0.7111329436302185
639,,,,,0,12,,0,,0,0,1.0,0,0.83276822664643
640,,,,,0,12,,0,,0,0,1.0,0,0.8282028390048239
641,,,,,0,12,,0,,2,1,1.0,0,0.8625212460756302
642,,,,,0,12,,0,,0,0,1.0,0,0.7207346856594086
643,,,,,0,12,,0,,1,1,1.0,0,0.7193529605865479
644,,,,,0,12,,0,,0,0,1.0,0,0.8041062477922057
645,,,,,0,12,,0,,1,1,1.0,0,0.5391144752502441
646,,,,,0,12,,0,,0,0,1.0,0,0.8096294403076172
647,,,,,0,24,,0,,15,9,1.0,0,0.15724473254413862
648,,,,,0,10,,0,,8,7,1.0,0,0.27049057063516424
649,,,,,0,14,,0,,2,0,1.0,0,0.42547205534743826
650,,,,,0,14,,0,,3,1,1.0,0,0.5168113708496094
651,,,,,0,14,,0,,1,1,1.0,0,0.25891528970507904
652,,,,,0,14,,0,,0,0,1.0,0,0.7340539554325364
653,,,,,0,14,,0,,2,1,1.0,0,0.5498159825801849
654,,,,,0,14,,0,,0,0,1.0,0,0.9256285100800685
655,,,,,0,14,,0,,0,0,1.0,0,0.7105236649513245
656,,,,,0,14,,0,,1,0,1.0,0,0.7653118958883344
657,,,,,0,10,,0,,2,4,1.0,0,0.38992708921432495
658,,,,,0,10,,0,,0,0,1.0,0,0.9746418446302414
659,,,,,0,10,,0,,0,0,1.0,0,0.8718875646591187
660,,,,,0,12,,0,,5,5,1.0,0,0.6560972929000854
661,,,,,0,12,,0,,0,2,1.0,0,0.60837506601959
662,,,,,0,12,,0,,15,15,1.0,0,0.5320371706507896
663,,,,,0,12,,0,,2,4,1.0,0,0.7680050065518916
664,,,,,0,12,,0,,4,6,1.0,0,0.5998532176017761
665,,,,,0,12,,0,,1,1,1.0,0,0.6905930822734182
666,,,,,0,12,,0,,14,15,1.0,0,0.6351500749588013
667,,,,,0,12,,0,,3,4,1.0,0,0.6189382672309875
668,,,,,0,12,,0,,0,1,1.0,0,0.8214133381843567
669,,,,,0,12,,0,,4,2,1.0,0,0.56269371509552
670,,,,,0,15,,0,,4,6,1.0,0,0.3287553583091877
671,,,,,0,9,,0,,5,5,1.0,0,0.5708679556846619
672,,,,,0,9,,0,,6,5,1.0,0,0.7975137829780579
673,,,,,0,9,,0,,13,13,1.0,0,0.6211210489273071
674,,,,,0,9,,0,,6,9,1.0,0,0.68714839220047
675,,,,,0,9,,0,,6,6,1.0,0,0.6016115427497487
676,,,,,0,9,,0,,12,4,1.0,0,0.8424799293279648
677,,,,,0,9,,0,,4,4,1.0,0,0.602780985915094
678,,,,,0,9,,0,,11,12,1.0,0,0.7917237815774614
679,,,,,0,9,,0,,7,6,1.0,0,0.6383804976940155
680,,,,,0,9,,0,,5,3,1.0,0,0.6220040394070165
681,,,,,0,16,,0,,5,2,0.975,0,0.37702632341023945
682,,,,,0,16,,0,,0,0,1.0,0,0.8194491904645672
683,,,,,0,16,,0,,0,0,1.0,0,0.5806219923866975
684,,,,,0,16,,0,,0,0,1.0,0,0.7230787112163723
685,,,,,0,16,,0,,0,0,1.0,0,0.8410439701443848
686,,,,,0,16,,0,,1,1,1.0,0,0.670467059044066
687,,,,,0,16,,0,,0,0,1.0,0,0.6820722032828446
688,,,,,0,16,,0,,0,0,1.0,0,0.8303479102564963
689,,,,,0,16,,0,,0,0,1.0,0,0.6589137708493329
690,,,,,0,16,,0,,0,0,1.0,0,0.8645201853203661
691,,,,,0,8,,0,,14,19,1.0,0,0.4510247216544775
692,,,,,0,8,,0,,47,40,0.9910714285714286,0,0.338591278069429
693,,,,,0,8,,0,,13,14,0.9945945945945946,0,0.610020316244382
694,,,,,0,8,,0,,12,13,1.0,0,0.8699807971715927
695,,,,,0,8,,0,,4,7,1.0,0,0.6990275322231667
696,,,,,0,8,,0,,5,5,1.0,0,0.7348101279026342
697,,,,,0,8,,0,,7,8,1.0,0,0.9681564979255199
698,,,,,0,8,,0,,9,13,1.0,0,0.39504369467757205
699,,,,,0,8,,0,,1,4,1.0,0,0.7719676643610001
700,,,,,0,8,,0,,10,11,1.0,0,0.8785175310681776
701,,,,,0,13,,0,,2,0,1.0,0,0.6408344209194183
702,,,,,0,13,,0,,0,0,1.0,0,0.676340252161026
703,,,,,0,13,,0,,0,0,1.0,0,0.8492529541254044
704,,,,,0,13,,0,,0,0,1.0,0,0.8568382263183594
705,,,,,0,13,,0,,0,0,1.0,0,0.7274909913539886
706,,,,,0,13,,0,,0,0,1.0,0,0.7409337979833422
707,,,,,0,13,,0,,0,0,1.0,0,0.660840114305012
708,,,,,0,13,,0,,0,0,1.0,0,0.6918965578079224
709,,,,,0,13,,0,,0,0,1.0,0,0.6794150078122319
710,,,,,0,13,,0,,0,0,1.0,0,0.8156520873308182
711,,,,,0,13,,0,,8,6,1.0,0,0.29712021350860596
712,,,,,0,13,,0,,2,1,1.0,0,0.46026465533586314
713,,,,,0,13,,0,,1,1,1.0,0,0.6414901209321653
714,,,,,0,13,,0,,0,0,1.0,0,0.9177990555763245
715,,,,,0,13,,0,,1,0,1.0,0,0.5698020118592964
716,,,,,0,13,,0,,1,0,1.0,0,0.9207753213777945
717,,,,,0,13,,0,,2,1,1.0,0,0.6253523826599121
718,,,,,0,13,,0,,1,0,1.0,0,0.7524734883026185
719,,,,,0,13,,0,,1,0,1.0,0,0.6398345017334515
720,,,,,0,13,,0,,0,0,1.0,0,0.7009397745132446
721,,,,,0,15,,0,,2,0,1.0,0,0.34893274307250977
722,,,,,0,15,,0,,0,1,1.0,0,0.708663284778595
723,,,,,0,15,,0,,0,0,1.0,0,0.8107705527084733
724,,,,,0,15,,0,,0,0,1.0,0,0.45920256023391626
725,,,,,0,15,,0,,0,0,1.0,0,0.777070207770454
726,,,,,0,15,,0,,0,0,1.0,0,0.6769639638705274
727,,,,,0,15,,0,,0,0,1.0,0,0.8851983317614593
728,,,,,0,15,,0,,0,0,1.0,0,0.8851983317614593
729,,,,,0,10,,0,,3,3,1.0,0,0.5679376633111517
730,,,,,0,12,,0,,0,1,1.0,0,0.5977998913645801
731,,,,,0,12,,0,,1,2,1.0,0,0.5642111897468567
732,,,,,0,12,,0,,1,2,1.0,0,0.48230087757110596
733,,,,,0,12,,0,,2,4,1.0,0,0.6685896515846252
734,,,,,0,12,,0,,3,4,1.0,0,0.3963041125626595
735,,,,,0,12,,0,,0,0,1.0,0,0.7936514019966125
736,,,,,0,12,,0,,0,1,1.0,0,0.8363045654478407
737,,,,,0,12,,0,,0,0,1.0,0,0.7673397362232208
738,,,,,0,12,,0,,0,1,1.0,0,0.7611618028686264
739,,,,,0,12,,0,,0,0,1.0,0,0.7733033895492554
740,,,,,0,14,,0,,0,0,1.0,0,0.5660450121137485
741,,,,,0,16,,0,,0,1,1.0,0,0.43360657291333593
742,,,,,0,15,,0,,4,4,1.0,0,0.34144628047943115
743,,,,,0,15,,0,,0,0,1.0,0,0.8351649343967438
744,,,,,0,15,,0,,0,0,1.0,0,0.7803491186887548
745,,,,,0,15,,0,,0,0,1.0,0,0.8512651489316054
746,,,,,0,15,,0,,0,0,1.0,0,0.7515710220209068
747,,,,,0,15,,0,,0,0,1.0,0,0.9082197546958923
748,,,,,0,15,,0,,0,0,1.0,0,0.9082197546958923
749,,,,,0,15,,0,,0,0,1.0,0,0.9082197546958923
750,,,,,0,14,,0,,1,1,1.0,0,0.44984665811975755
751,,,,,0,14,,0,,0,0,1.0,0,0.7282356538842811
752,,,,,0,14,,0,,0,0,1.0,0,0.7790242218680447
753,,,,,0,9,,0,,1,2,1.0,0,0.703133481554181
754,,,,,0,9,,0,,0,1,1.0,0,0.7056183218955994
755,,,,,0,9,,0,,1,2,1.0,0,0.6326837241649628
756,,,,,0,9,,0,,3,4,1.0,0,0.1923234462738037
757,,,,,0,9,,0,,1,1,1.0,0,0.7904512223735816
758,,,,,0,9,,0,,1,2,1.0,0,0.8441285789012909
759,,,,,0,9,,0,,1,1,1.0,0,0.9410889668113608
760,,,,,0,9,,0,,0,0,1.0,0,0.9298886209726334
761,,,,,0,9,,0,,0,1,1.0,0,0.7241514325141907
762,,,,,0,9,,0,,0,0,1.0,0,0.9495912492275238
763,,,,,0,18,,0,,2,0,1.0,0,0.4286519118741722
764,,,,,0,14,,0,,1,1,1.0,0,0.430470449640466
765,,,,,0,14,,0,,0,0,1.0,0,0.5066073540811145
766,,,,,0,14,,0,,4,5,1.0,0,0.32001491308301044
767,,,,,0,14,,0,,0,0,1.0,0,0.5676023960113525
768,,,,,0,14,,0,,2,1,1.0,0,0.4298529368726639
769,,,,,0,14,,0,,0,0,1.0,0,0.9520771652460098
770,,,,,0,8,,0,,1,1,1.0,0,0.7360832252452831
771,,,,,0,8,,0,,1,1,1.0,0,0.7027554987218674
772,,,,,0,8,,0,,2,1,1.0,0,0.4829796264779781
773,,,,,0,8,,0,,1,1,1.0,0,0.7404790079308143
774,,,,,0,13,,0,,0,0,1.0,0,0.5928359506379349
775,,,,,0,13,,0,,0,0,1.0,0,0.7906448480679049
776,,,,,0,13,,0,,0,0,1.0,0,0.7605091035366058
777,,,,,0,13,,0,,0,0,1.0,0,0.7693294584751129
778,,,,,0,13,,0,,0,0,1.0,0,0.9880876252427697
779,,,,,0,13,,0,,0,0,1.0,0,0.9880876252427697
780,,,,,0,11,,0,,3,6,1.0,0,0.30301451683044434
781,,,,,0,11,,0,,0,1,1.0,0,0.725743293762207
782,,,,,0,11,,0,,0,0,1.0,0,0.8649133294820786
783,,,,,0,11,,0,,0,1,1.0,0,0.6656361619017215
784,,,,,0,11,,0,,0,1,1.0,0,0.7423014785231037
785,,,,,0,11,,0,,0,0,1.0,0,0.9783779382705688
786,,,,,0,11,,0,,0,0,1.0,0,0.9783779382705688
787,,,,,0,11,,0,,0,0,1.0,0,0.9878645621022842
788,,,,,0,11,,0,,0,0,1.0,0,0.8517209440469742
789,,,,,0,11,,0,,0,1,1.0,0,0.8901553070452625
790,,,,,0,11,,0,,0,0,1.0,0,0.6859562175326066
791,,,,,0,11,,0,,0,0,1.0,0,0.8928972237828695
792,,,,,0,11,,0,,0,0,1.0,0,0.6906479895114899
793,,,,,0,11,,0,,0,0,1.0,0,0.9119024434264091
794,,,,,0,11,,0,,0,0,1.0,0,0.8124334886749387
795,,,,,0,13,,0,,2,1,1.0,0,0.5650461316108704
796,,,,,0,9,,0,,0,0,1.0,0,0.9436343498528004
797,,,,,0,17,,0,,1,1,1.0,0,0.3622850775718689
798,,,,,0,9,,0,,0,0,1.0,0,0.7456758320331573
799,,,,,0,9,,0,,0,0,1.0,0,0.7879148468869727
800,,,,,0,9,,0,,0,0,1.0,0,0.8533963859081268
801,,,,,0,9,,0,,0,0,1.0,0,0.9148325696587563
802,,,,,0,9,,0,,0,0,1.0,0,0.9248021200181316
803,,,,,0,9,,0,,0,0,1.0,0,0.9190956354141235
804,,,,,0,9,,0,,0,0,1.0,0,0.7972756712816855
805,,,,,0,9,,0,,0,0,1.0,0,0.7127073407173157
806,,,,,0,9,,0,,0,0,1.0,0,0.9047682285308838
807,,,,,0,9,,0,,0,0,1.0,0,0.70422028613747
808,,,,,0,16,,0,,11,11,1.0,0,0.32403743267059326
809,,,,,0,16,,0,,1,1,1.0,0,0.5952715873718262
810,,,,,0,16,,0,,4,7,1.0,0,0.3609399414622737
811,,,,,0,16,,0,,0,1,1.0,0,0.8132427930831909
812,,,,,0,16,,0,,0,1,1.0,0,0.8686891794204712
813,,,,,0,16,,0,,0,0,1.0,0,0.9353088140487671
814,,,,,0,16,,0,,0,1,1.0,0,0.7731737426869195
815,,,,,0,16,,0,,0,1,1.0,0,0.7585567163990948
816,,,,,0,16,,0,,0,0,1.0,0,0.9641067066256228
817,,,,,0,16,,0,,0,0,1.0,0,0.6956420838832855
818,,,,,0,17,,0,,3,5,1.0,0,0.4105364435591423
819,,,,,0,11,,0,,5,5,1.0,0,0.39965681432654876
820,,,,,0,11,,0,,1,1,1.0,0,0.5524243579037293
821,,,,,0,14,,0,,5,5,1.0,0,0.4972379207611084
822,,,,,0,14,,0,,6,6,1.0,0,0.5398415601347939
823,,,,,0,14,,0,,1,1,1.0,0,0.7723999172449112
824,,,,,0,10,,0,,9,9,1.0,0,0.4642958641052246
825,,,,,0,10,,0,,1,0,1.0,0,0.7516834289838923
826,,,,,0,10,,0,,0,0,1.0,0,0.890916117484338
827,,,,,0,10,,0,,0,2,1.0,0,0.9668951312837082
828,,,,,0,10,,0,,0,0,1.0,0,0.8418164856865834
829,,,,,0,10,,0,,1,0,1.0,0,1.0124665096382206
830,,,,,0,10,,0,,0,0,1.0,0,1.0052216357233146
831,,,,,0,10,,0,,0,0,1.0,0,0.9362603722525082
832,,,,,0,10,,0,,0,0,1.0,0,0.9578890551858577
833,,,,,0,10,,0,,0,0,1.0,0,0.9572394241237296
834,,,,,0,9,,0,,4,4,0.9642857142857143,0,0.217152810607934
835,,,,,0,9,,0,,0,0,1.0,0,0.6739897131919861
836,,,,,0,9,,0,,1,2,0.9523809523809523,0,0.2425869107246399
837,,,,,0,9,,0,,3,3,1.0,0,0.2551923546309669
838,,,,,0,9,,0,,1,1,1.0,0,0.3517758459911243
839,,,,,0,14,,0,,3,3,1.0,0,0.38332322935323426
840,,,,,0,15,,0,,3,2,1.0,0,0.4873722195625305
841,,,,,0,15,,0,,12,12,0.9886363636363636,0,0.32674068212509155
842,,,,,0,15,,0,,8,1,1.0,0,0.3727770260804002
843,,,,,0,14,,0,,4,5,1.0,0,0.43499044880242466
844,,,,,0,14,,0,,0,0,1.0,0,0.9388384073972702
845,,,,,0,8,,0,,0,0,1.0,0,1.0411589369177818
846,,,,,0,8,,0,,0,0,1.0,0,0.9626261394508523
847,,,,,0,8,,0,,0,0,1.0,0,0.837615504860878
848,,,,,0,8,,0,,0,0,1.0,0,0.9647070818964887
849,,,,,0,8,,0,,0,0,1.0,0,0.8857406011665223
850,,,,,0,8,,0,,0,0,1.0,0,0.9812437327576796
851,,,,,0,8,,0,,0,0,1.0,0,0.49995289742806226
852,,,,,0,8,,0,,0,0,1.0,0,0.8859948928950695
853,,,,,0,8,,0,,0,0,1.0,0,0.49995289742806226
854,,,,,0,8,,0,,0,0,1.0,0,0.8852917964843451
855,,,,,0,14,,0,,1,1,1.0,0,0.5234581232070923
856,,,,,0,14,,0,,0,0,1.0,0,0.8960426822304726
857,,,,,0,14,,0,,0,0,1.0,0,0.8753354102373123
858,,,,,0,14,,0,,0,0,1.0,0,0.6340381503105164
859,,,,,0,14,,0,,0,0,1.0,0,0.9040901110795173
860,,,,,0,14,,0,,0,0,1.0,0,0.8859838917851448
861,,,,,0,12,,0,,6,4,1.0,0,0.24482689037403105
862,,,,,0,11,,0,,0,4,1.0,0,0.20759320259094238
863,,,,,0,11,,0,,0,0,1.0,0,0.7162062143148842
864,,,,,0,11,,0,,0,0,1.0,0,0.7336544315115937
865,,,,,0,11,,0,,0,0,1.0,0,0.5348184982050352
866,,,,,0,11,,0,,0,0,1.0,0,0.7528414803303601
867,,,,,0,11,,0,,1,4,1.0,0,0.22572312431702357
868,,,,,0,11,,0,,0,0,1.0,0,0.888006791472435
869,,,,,0,11,,0,,0,0,1.0,0,0.9154179245233536
870,,,,,0,11,,0,,0,0,1.0,0,0.9154179245233536
871,,,,,0,11,,0,,0,0,1.0,0,0.9154179245233536
872,,,,,0,16,,0,,0,0,1.0,0,0.8798590564685778
873,,,,,0,16,,0,,0,0,1.0,0,0.8961587008379724
874,,,,,0,16,,0,,0,0,1.0,0,1.0206650694111032
875,,,,,0,16,,0,,0,0,1.0,0,0.9367454461303618
876,,,,,0,16,,0,,0,0,1.0,0,1.0080486740916967
877,,,,,0,16,,0,,0,0,1.0,0,0.9423108026385307
878,,,,,0,16,,0,,0,0,1.0,0,0.9576468430459499
879,,,,,0,16,,0,,0,0,1.0,0,0.9012459516525269
880,,,,,0,16,,0,,0,0,1.0,0,0.9112341377506893
881,,,,,0,16,,0,,0,0,1.0,0,0.9348782300949097
882,,,,,0,18,,0,,2,2,1.0,0,0.44896809604668875
883,,,,,0,15,,0,,0,0,1.0,0,0.6077162804519021
884,,,,,0,15,,0,,1,1,1.0,0,0.6508691802879922
885,,,,,0,15,,0,,0,0,1.0,0,0.8593567693616883
886,,,,,0,15,,0,,0,0,1.0,0,0.7203867650147306
887,,,,,0,15,,0,,0,0,1.0,0,0.8068926872877087
888,,,,,0,15,,0,,0,0,1.0,0,0.8577159302746036
889,,,,,0,15,,0,,0,0,1.0,0,0.8577159302746036
890,,,,,0,15,,0,,0,0,1.0,0,0.9025876940067915
891,,,,,0,15,,0,,0,0,1.0,0,0.8577159302746036
892,,,,,0,14,,0,,11,11,1.0,0,0.23066191490519417
893,,,,,0,10,,0,,4,5,1.0,0,0.3051356855115691
894,,,,,0,15,,0,,0,0,1.0,0,0.4759744689449342
895,,,,,0,10,,0,,6,6,1.0,0,0.6540542531658027
896,,,,,0,10,,0,,7,10,1.0,0,0.678193400990569
897,,,,,0,10,,0,,10,14,1.0,0,0.6658832927311447
898,,,,,0,10,,0,,8,14,1.0,0,0.8412148309116014
899,,,,,0,10,,0,,2,6,1.0,0,0.820132518414632
900,,,,,0,10,,0,,6,5,1.0,0,0.688598366552444
901,,,,,0,10,,0,,16,18,1.0,0,0.31951431392175866
902,,,,,0,10,,0,,4,6,1.0,0,0.9204764620179617
903,,,,,0,10,,0,,3,6,1.0,0,0.7748065076710732
904,,,,,0,10,,0,,0,0,1.0,0,0.9549692270132206
905,,,,,0,15,,0,,0,2,1.0,0,0.7125611901283264
906,,,,,0,13,,0,,0,0,1.0,0,0.9689695229950119
907,,,,,0,13,,0,,0,0,1.0,0,0.9116364121437073
908,,,,,0,13,,0,,0,0,1.0,0,0.9756041441292805
909,,,,,0,13,,0,,0,0,1.0,0,0.849970521030174
910,,,,,0,13,,0,,0,0,1.0,0,0.9581308612979482
911,,,,,0,13,,0,,0,0,1.0,0,0.8852553631441403
912,,,,,0,13,,0,,0,0,1.0,0,0.81786867433395
913,,,,,0,13,,0,,0,0,1.0,0,0.9631297838130529
914,,,,,0,13,,0,,0,0,1.0,0,0.9738963971132629
915,,,,,0,13,,0,,0,0,1.0,0,0.8389691960504411
916,,,,,0,16,,0,,8,6,1.0,0,0.3358194432150974
917,,,,,0,9,,0,,0,1,1.0,0,0.7505514920415255
918,,,,,0,9,,0,,15,16,1.0,0,0.34609687328338623
919,,,,,0,9,,0,,1,2,1.0,0,0.9098327851195802
920,,,,,0,9,,0,,0,0,1.0,0,0.517426044787528
921,,,,,0,9,,0,,11,9,1.0,0,0.5796466093939474
922,,,,,0,9,,0,,0,0,1.0,0,0.9506652355194092
923,,,,,0,9,,0,,2,4,1.0,0,0.6348844440178061
924,,,,,0,9,,0,,1,1,1.0,0,0.7474495021968779
925,,,,,0,9,,0,,0,1,1.0,0,1.006892258712188
926,,,,,0,9,,0,,0,0,1.0,0,0.7621127523251023
927,,,,,0,14,,0,,0,0,1.0,0,0.5462779430316644
928,,,,,0,14,,0,,0,0,1.0,0,0.9435636028647423
929,,,,,0,13,,0,,0,1,1.0,0,0.6943958906649317
930,,,,,0,13,,0,,2,3,1.0,0,0.7583761066198349
931,,,,,0,13,,0,,4,3,1.0,0,0.5094379782676697
932,,,,,0,13,,0,,0,1,1.0,0,0.6820526434826222
933,,,,,0,13,,0,,2,3,1.0,0,0.6335828085889099
934,,,,,0,13,,0,,1,1,1.0,0,0.917513934299765
935,,,,,0,13,,0,,5,4,1.0,0,0.5354494612052874
936,,,,,0,13,,0,,1,2,1.0,0,0.5439786775105795
937,,,,,0,13,,0,,3,4,1.0,0,0.5790337073226985
938,,,,,0,13,,0,,2,2,1.0,0,0.7764415094055086
939,,,,,0,14,,0,,5,3,1.0,0,0.1957951784133911
940,,,,,0,13,,0,,3,3,1.0,0,0.49543470253115585
941,,,,,0,13,,0,,0,0,1.0,0,0.4346712309513968
942,,,,,0,15,,0,,0,0,1.0,0,0.913541043611827
943,,,,,0,15,,0,,0,0,1.0,0,0.8694409054184498
944,,,,,0,15,,0,,0,0,1.0,0,0.820520455256714
945,,,,,0,15,,0,,0,0,1.0,0,0.7282612080807562
946,,,,,0,15,,0,,0,0,1.0,0,0.49995289742806226
947,,,,,0,15,,0,,0,0,1.0,0,0.49995289742806226
948,,,,,0,11,,0,,7,5,1.0,0,0.4820887733750795
949,,,,,0,11,,0,,0,0,1.0,0,0.8495881422985914
950,,,,,0,11,,0,,0,0,1.0,0,0.792680948972702
951,,,,,0,11,,0,,0,0,1.0,0,0.8537904682034531
952,,,,,0,11,,0,,0,0,1.0,0,0.922155897149795
953,,,,,0,11,,0,,0,0,1.0,0,0.8712945801791296
954,,,,,0,11,,0,,0,0,1.0,0,0.7752361856752885
955,,,,,0,11,,0,,0,0,1.0,0,1.076494000852108
956,,,,,0,11,,0,,0,0,1.0,0,0.9490880324621227
957,,,,,0,11,,0,,0,0,1.0,0,0.6357344767889062
958,,,,,0,14,,0,,0,0,1.0,0,0.9808722095451418
959,,,,,0,14,,0,,0,0,1.0,0,0.929158067082109
960,,,,,0,16,,0,,0,0,1.0,0,0.905789740383625
961,,,,,0,16,,0,,20,23,1.0,0,0.28304318886737767
962,,,,,0,16,,0,,1,3,1.0,0,0.7965718745163641
963,,,,,0,16,,0,,0,1,1.0,0,0.8196739852428436
964,,,,,0,16,,0,,0,1,1.0,0,0.846756255433336
965,,,,,0,16,,0,,20,21,1.0,0,0.4164803872394782
966,,,,,0,16,,0,,0,1,1.0,0,0.8015332162837152
967,,,,,0,16,,0,,0,1,1.0,0,0.8738516271114349
968,,,,,0,16,,0,,0,0,1.0,0,0.8864618390798569
969,,,,,0,16,,0,,0,2,1.0,0,0.7736639976501465
970,,,,,0,10,,0,,10,9,1.0,0,0.6007654070854187
971,,,,,0,10,,0,,15,16,1.0,0,0.7103154063224792
972,,,,,0,10,,0,,0,1,1.0,0,0.9418412077034238
973,,,,,0,10,,0,,2,2,1.0,0,0.5585379933439482
974,,,,,0,10,,0,,0,0,1.0,0,1.0018714792095125
975,,,,,0,10,,0,,0,0,1.0,0,0.8160040378570557
976,,,,,0,10,,0,,0,0,1.0,0,1.0018714792095125
977,,,,,0,15,,0,,19,13,1.0,0,0.339245080947876
978,,,,,0,14,,0,,0,0,1.0,0,0.7724563777446747
979,,,,,0,14,,0,,0,0,1.0,0,0.8729890286922455
980,,,,,0,14,,0,,0,0,1.0,0,0.8753039464354515
981,,,,,0,14,,0,,0,0,1.0,0,1.0159303289929131
982,,,,,0,14,,0,,0,0,1.0,0,0.9731448218226433
983,,,,,0,14,,0,,0,0,1.0,0,0.9275503542959262
984,,,,,0,14,,0,,0,0,1.0,0,0.9059267267584801
985,,,,,0,14,,0,,0,0,1.0,0,0.808957427740097
986,,,,,0,14,,0,,0,0,1.0,0,0.869131929822679
987,,,,,0,14,,0,,0,0,1.0,0,0.8960545212030411
988,,,,,0,23,,0,,0,0,1.0,0,0.7608314681300957
989,,,,,0,10,,0,,1,1,1.0,0,0.48976457118988037
990,,,,,0,15,,0,,0,1,1.0,0,0.6032346846601172
991,,,,,0,15,,0,,0,0,1.0,0,0.9199922385804863
992,,,,,0,12,,0,,6,7,1.0,0,0.5113871104351935
993,,,,,0,12,,0,,9,7,1.0,0,0.43490412443304705
994,,,,,0,12,,0,,3,4,1.0,0,0.5980346083055318
995,,,,,0,12,,0,,6,6,1.0,0,0.6607407629489899
996,,,,,0,12,,0,,2,3,1.0,0,0.925528784857058
997,,,,,0,12,,0,,12,12,1.0,0,0.2624326284914549
998,,,,,0,12,,0,,2,1,1.0,0,0.6282228495081812
999,,,,,0,12,,0,,3,3,1.0,0,0.6025799990469215
1000,,,,,0,12,,0,,0,1,1.0,0,0.6065810567064023
1001,,,,,0,12,,0,,0,0,1.0,0,0.8407715809575194
1002,,,,,0,13,,0,,2,3,1.0,0,0.2899343967437744
1003,,,,,0,13,,0,,1,0,1.0,0,0.3755108714103699
1004,,,,,0,12,,0,,5,4,1.0,0,0.38723371104993054
1005,,,,,0,12,,0,,0,0,1.0,0,0.5033931136131287
1006,,,,,0,12,,0,,1,1,1.0,0,0.6195663213729858
1007,,,,,0,12,,0,,0,0,1.0,0,0.793099582195282
1008,,,,,0,12,,0,,0,1,1.0,0,0.5288571715354919
1009,,,,,0,12,,0,,1,2,1.0,0,0.37327667315463153
1010,,,,,0,12,,0,,0,0,1.0,0,0.8229585438966751
1011,,,,,0,12,,0,,0,0,1.0,0,0.701472818851471
1012,,,,,0,12,,0,,0,0,1.0,0,0.7218641903238503
1013,,,,,0,12,,0,,0,0,1.0,0,0.36478444127943654
1014,,,,,0,14,,0,,2,2,1.0,0,0.6539792028677933
1015,,,,,0,14,,0,,2,5,1.0,0,0.44662283201881714
1016,,,,,0,14,,0,,1,4,1.0,0,0.6252624876875426
1017,,,,,0,14,,0,,0,0,1.0,0,0.6091959476470947
1018,,,,,0,14,,0,,0,0,1.0,0,0.6580822467803955
1019,,,,,0,14,,0,,0,0,1.0,0,0.7422721828384504
1020,,,,,0,14,,0,,0,0,1.0,0,0.9002666175365448
1021,,,,,0,14,,0,,0,0,1.0,0,0.9002666175365448
1022,,,,,0,15,,0,,0,0,1.0,0,1.0328533520015093
1023,,,,,0,15,,0,,0,0,1.0,0,0.8630200732654354
1024,,,,,0,15,,0,,1,2,1.0,0,0.3796683365007737
1025,,,,,0,15,,0,,1,2,1.0,0,0.6111686593990713
1026,,,,,0,15,,0,,2,3,1.0,0,0.18230752786762938
1027,,,,,0,15,,0,,0,0,1.0,0,0.8743236325479635
1028,,,,,0,14,,0,,0,0,1.0,0,0.5101800865042252
1029,,,,,0,14,,0,,0,0,1.0,0,0.9221294326859373
1030,,,,,0,14,,0,,0,0,1.0,0,0.49995289742806226
1031,,,,,0,17,,0,,3,5,1.0,0,0.3385343551635742
1032,,,,,0,17,,0,,1,0,1.0,0,0.5553950402376071
1033,,,,,0,17,,0,,0,0,1.0,0,0.6756466224404196
1034,,,,,0,17,,0,,0,0,1.0,0,0.48000076293949767
1035,,,,,0,17,,0,,0,0,1.0,0,0.4361453056335449
1036,,,,,0,17,,0,,0,1,1.0,0,0.35215334153632316
1037,,,,,0,17,,0,,0,0,1.0,0,0.9377225041389465
1038,,,,,0,18,,0,,1,0,1.0,0,0.5721958918688226
1039,,,,,0,16,,0,,0,3,1.0,0,0.6783338997762061
1040,,,,,0,16,,0,,0,2,1.0,0,0.5416362633271499
1041,,,,,0,12,,0,,0,0,1.0,0,0.8393685274939848
1042,,,,,0,12,,0,,0,0,1.0,0,0.7357795519565984
1043,,,,,0,12,,0,,0,4,1.0,0,0.07604161584748992
1044,,,,,0,12,,0,,0,0,1.0,0,0.844734719081802
1045,,,,,0,12,,0,,0,0,1.0,0,0.8468584178005704
1046,,,,,0,12,,0,,0,0,1.0,0,0.6841841653750078
1047,,,,,0,12,,0,,0,0,1.0,0,0.6394728588429496
1048,,,,,0,12,,0,,0,0,1.0,0,0.8977408795202301
1049,,,,,0,12,,0,,0,0,1.0,0,0.8977408795202301
1050,,,,,0,13,,0,,1,1,1.0,0,0.33126062136238144
1051,,,,,0,13,,0,,0,0,1.0,0,0.7184975873528467
1052,,,,,0,13,,0,,0,0,1.0,0,0.7353012027115695
1053,,,,,0,13,,0,,0,0,1.0,0,0.7413252437904618
1054,,,,,0,13,,0,,0,0,1.0,0,0.9460522351296087
1055,,,,,0,13,,0,,0,0,1.0,0,0.6739461227623291
1056,,,,,0,13,,0,,1,0,1.0,0,0.684783003900407
1057,,,,,0,13,,0,,0,0,1.0,0,0.5273609773731807
1058,,,,,0,13,,0,,0,0,1.0,0,0.5834872822150299
1059,,,,,0,13,,0,,0,0,1.0,0,0.7024959953870757
1060,,,,,0,16,,0,,0,0,1.0,0,0.7760931849479675
1061,,,,,0,11,,0,,0,0,1.0,0,0.9921831451356411
1062,,,,,0,11,,0,,0,0,1.0,0,0.9936025913760839
1063,,,,,0,11,,0,,0,0,1.0,0,0.9912612361091744
1064,,,,,0,11,,0,,0,0,1.0,0,1.08421027166278
1065,,,,,0,11,,0,,0,0,1.0,0,0.602873462524219
1066,,,,,0,12,,0,,0,0,1.0,0,0.7273712672999877
1067,,,,,0,12,,0,,1,1,1.0,0,0.8062175694833734
1068,,,,,0,12,,0,,1,1,1.0,0,0.7558382746077608
1069,,,,,0,12,,0,,1,1,1.0,0,0.5447076287691364
1070,,,,,0,12,,0,,0,0,1.0,0,0.9457886926829815
1071,,,,,0,12,,0,,0,0,1.0,0,0.6993471384048462
1072,,,,,0,12,,0,,0,0,1.0,0,0.9218746423721313
1073,,,,,0,12,,0,,0,0,1.0,0,0.9011526107788086
1074,,,,,0,12,,0,,0,0,1.0,0,0.8687420040369034
1075,,,,,0,11,,0,,2,2,1.0,0,0.5583886504173279
1076,,,,,0,11,,0,,0,1,1.0,0,0.5732291042804718
1077,,,,,0,9,,0,,3,1,1.0,0,0.3394656181335449
1078,,,,,0,15,,0,,1,1,1.0,0,0.3825744390487671
1079,,,,,0,15,,0,,0,0,1.0,0,0.8993067115338657
1080,,,,,0,15,,0,,0,1,1.0,0,0.41632177927027714
1081,,,,,0,15,,0,,0,0,1.0,0,0.8874340057373047
1082,,,,,0,15,,0,,0,0,1.0,0,0.3942357301712036
1083,,,,,0,15,,0,,0,0,1.0,0,0.8760900646448135
1084,,,,,0,15,,0,,0,0,1.0,0,0.6262990534305573
1085,,,,,0,15,,0,,0,0,1.0,0,0.7342219352722168
1086,,,,,0,14,,0,,0,0,1.0,0,0.9069130216189039
1087,,,,,0,14,,0,,0,0,1.0,0,0.999702587723732
1088,,,,,0,14,,0,,0,0,1.0,0,0.8782791197299957
1089,,,,,0,14,,0,,0,0,1.0,0,0.855349859914175
1090,,,,,0,14,,0,,0,0,1.0,0,0.8039533379050094
1091,,,,,0,14,,0,,0,0,1.0,0,0.9674285613000393
1092,,,,,0,14,,0,,0,0,1.0,0,0.9732062704861164
1093,,,,,0,14,,0,,0,0,1.0,0,0.8611954069850088
1094,,,,,0,14,,0,,0,0,1.0,0,0.8713512718677521
1095,,,,,0,14,,0,,0,0,1.0,0,1.01142539118008
1096,,,,,0,15,,0,,5,2,1.0,0,0.2615445036156324
1097,,,,,0,15,,0,,0,0,1.0,0,0.9035414084792137
1098,,,,,0,11,,0,,1,1,1.0,0,0.5057179030348111
1099,,,,,0,11,,0,,0,0,1.0,0,0.5555382370948792
1100,,,,,0,11,,0,,0,1,1.0,0,0.7740844637155533
1101,,,,,0,11,,0,,0,0,1.0,0,0.7739298343658447
1102,,,,,0,11,,0,,0,0,1.0,0,0.6721492111682892
1103,,,,,0,11,,0,,1,0,1.0,0,0.40907108783721924
1104,,,,,0,11,,0,,0,0,1.0,0,0.875119611620903
1105,,,,,0,11,,0,,0,0,1.0,0,0.7952898144721985
1106,,,,,0,11,,0,,0,1,1.0,0,0.5122233033180237
1107,,,,,0,11,,0,,0,0,1.0,0,0.735756516456604
1108,,,,,0,20,,0,,2,1,1.0,0,0.5520027608873097
1109,,,,,0,20,,0,,0,0,1.0,0,0.6701111000842506
1110,,,,,0,20,,0,,0,0,1.0,0,0.8808709383010864
1111,,,,,0,10,,0,,4,8,1.0,0,0.35749053955078125
1112,,,,,0,10,,0,,0,0,1.0,0,0.9487034827470779
1113,,,,,0,11,,0,,1,0,1.0,0,0.5931474445208144
1114,,,,,0,11,,0,,0,0,1.0,0,0.881944500323802
1115,,,,,0,11,,0,,0,0,1.0,0,0.6505800277340422
1116,,,,,0,16,,0,,0,1,1.0,0,0.5316405752790143
1117,,,,,0,16,,0,,0,0,1.0,0,0.8064392747413895
1118,,,,,0,19,,0,,0,0,1.0,0,0.997987010336251
1119,,,,,0,11,,0,,2,3,1.0,0,0.997102783061564
1120,,,,,0,11,,0,,5,7,1.0,0,0.4544672803421995
1121,,,,,0,11,,0,,4,6,1.0,0,0.4375655483473998
1122,,,,,0,11,,0,,0,1,1.0,0,0.9934714417904615
1123,,,,,0,11,,0,,2,4,1.0,0,0.5222381326868342
1124,,,,,0,11,,0,,0,2,1.0,0,0.5790082467193449
1125,,,,,0,11,,0,,4,4,1.0,0,0.49677339215437133
1126,,,,,0,11,,0,,0,1,1.0,0,0.6965660452842712
1127,,,,,0,11,,0,,0,1,1.0,0,0.7932853251695633
1128,,,,,0,11,,0,,3,5,1.0,0,0.5704652667045593
1129,,,,,0,16,,0,,3,5,1.0,0,0.3919464945793152
1130,,,,,0,16,,0,,0,0,1.0,0,0.7456671747167598
1131,,,,,0,15,,0,,0,0,1.0,0,0.4944509267807007
1132,,,,,0,14,,0,,2,3,1.0,0,0.44799729871733684
1133,,,,,0,14,,0,,4,4,1.0,0,0.26975409568821684
1134,,,,,0,22,,0,,0,0,1.0,0,1.0057928955046205
1135,,,,,0,13,,0,,0,1,1.0,0,0.5023233893303107
1136,,,,,0,13,,0,,1,1,1.0,0,0.864234115607563
1137,,,,,0,13,,0,,1,1,1.0,0,0.6823199093341827
1138,,,,,0,13,,0,,0,0,1.0,0,0.6964329986701308
1139,,,,,0,13,,0,,0,0,1.0,0,0.90001280605793
1140,,,,,0,13,,0,,0,0,1.0,0,0.8952242551810817
1141,,,,,0,13,,0,,0,0,1.0,0,0.8398034822882259
1142,,,,,0,13,,0,,0,0,1.0,0,0.9229203313589096
1143,,,,,0,13,,0,,0,0,1.0,0,0.7201456344171056
1144,,,,,0,13,,0,,0,0,1.0,0,0.9071148457263364
1145,,,,,0,13,,0,,10,7,1.0,0,0.4033598303794861
1146,,,,,0,12,,0,,0,0,1.0,0,0.8698297518593219
1147,,,,,0,12,,0,,0,0,1.0,0,0.6558736655636821
1148,,,,,0,12,,0,,0,0,1.0,0,0.792274996638298
1149,,,,,0,4,,0,,0,0,1.0,0,0.9317483719141261
1150,,,,,0,4,,0,,0,0,1.0,0,0.8596966862678528
1151,,,,,0,4,,0,,0,0,1.0,0,0.8494208991872726
1152,,,,,0,4,,0,,0,0,1.0,0,0.6896839737892151
1153,,,,,0,4,,0,,0,0,1.0,0,0.6896839737892151
1154,,,,,0,4,,0,,0,0,1.0,0,0.6896839737892151
1155,,,,,0,4,,0,,0,0,1.0,0,0.6896839737892151
1156,,,,,0,11,,0,,6,1,1.0,0,0.3001146495410578
1157,,,,,0,11,,0,,0,0,1.0,0,0.8706066382292887
1158,,,,,0,11,,0,,0,0,1.0,0,0.8591000055730343
1159,,,,,0,11,,0,,0,0,1.0,0,0.9539516913265997
1160,,,,,0,11,,0,,0,0,1.0,0,0.896666246255188
1161,,,,,0,11,,0,,0,0,1.0,0,0.9202966395285698
1162,,,,,0,11,,0,,0,0,1.0,0,0.6219393570964938
1163,,,,,0,11,,0,,0,0,1.0,0,0.9539516913265997
1164,,,,,0,11,,0,,0,0,1.0,0,0.9539516913265997
1165,,,,,0,13,,0,,0,0,1.0,0,0.659240186214447
1166,,,,,0,13,,0,,0,0,1.0,0,0.7182496786117554
1167,,,,,0,13,,0,,0,0,1.0,0,0.7485211043668447
1168,,,,,0,13,,0,,0,0,1.0,0,0.7583847045898438
1169,,,,,0,13,,0,,0,0,1.0,0,0.9474400244653225
1170,,,,,0,13,,0,,0,0,1.0,0,0.6036404967308044
1171,,,,,0,13,,0,,0,0,1.0,0,0.6743448376655579
1172,,,,,0,14,,0,,0,1,1.0,0,0.6416061818599701
1173,,,,,0,14,,0,,11,12,1.0,0,0.3081367405693749
1174,,,,,0,14,,0,,17,12,1.0,0,0.31978774070739746
1175,,,,,0,14,,0,,3,6,1.0,0,0.5272762038492023
1176,,,,,0,14,,0,,0,1,1.0,0,0.7457293196239864
1177,,,,,0,14,,0,,1,2,1.0,0,0.9158144866934723
1178,,,,,0,14,,0,,0,1,1.0,0,0.6792212629086154
1179,,,,,0,14,,0,,2,1,1.0,0,0.7734130322933197
1180,,,,,0,14,,0,,4,5,1.0,0,0.4285973906517029
1181,,,,,0,14,,0,,2,1,1.0,0,0.8997905194634507
1182,,,,,0,14,,0,,0,1,1.0,0,0.7900872975587845
1183,,,,,0,12,,0,,0,2,1.0,0,0.6266611663506998
1184,,,,,0,11,,0,,4,4,1.0,0,0.39334373394771793
1185,,,,,0,11,,0,,1,2,1.0,0,0.4828140581492797
1186,,,,,0,11,,0,,0,0,1.0,0,0.838744729757309
1187,,,,,0,11,,0,,1,0,1.0,0,0.7810608446598053
1188,,,,,0,11,,0,,0,0,1.0,0,0.8670870810747147
1189,,,,,0,11,,0,,0,0,1.0,0,0.5931437667097899
1190,,,,,0,11,,0,,0,0,1.0,0,0.5515197515487671
1191,,,,,0,11,,0,,0,0,1.0,0,0.4785526990890503
1192,,,,,0,11,,0,,0,0,1.0,0,0.6130187511444092
1193,,,,,0,11,,0,,0,0,1.0,0,0.6282934324916256
1194,,,,,0,11,,0,,0,0,1.0,0,1.0160802882164717
1195,,,,,0,11,,0,,0,0,1.0,0,0.9483102671802044
1196,,,,,0,26,,0,,0,0,1.0,0,0.5090684148391607
1197,,,,,0,26,,0,,0,0,1.0,0,0.8825588673353195
1198,,,,,0,13,,0,,22,19,1.0,0,0.5053427815437317
1199,,,,,0,13,,0,,13,16,1.0,0,0.5209725201129913
1200,,,,,0,13,,0,,8,8,1.0,0,0.6731828347931597
1201,,,,,0,13,,0,,4,5,1.0,0,0.9339862018823624
1202,,,,,0,13,,0,,0,1,1.0,0,0.9050012603402138
1203,,,,,0,13,,0,,0,1,1.0,0,0.7756618857383728
1204,,,,,0,13,,0,,1,0,1.0,0,0.6152386298633432
1205,,,,,0,13,,0,,0,0,1.0,0,0.9560554102063179
1206,,,,,0,13,,0,,0,0,1.0,0,0.9560554102063179
1207,,,,,0,13,,0,,0,0,1.0,0,0.9560554102063179
1208,,,,,0,15,,0,,1,0,1.0,0,0.5322585562544628
1209,,,,,0,17,,0,,0,0,1.0,0,0.6026619554359302
1210,,,,,0,17,,0,,0,0,1.0,0,0.7971550822257996
1211,,,,,0,17,,0,,0,0,1.0,0,0.602511990145206
1212,,,,,0,17,,0,,0,0,1.0,0,0.6203686481824113
1213,,,,,0,17,,0,,1,0,1.0,0,0.48981010913848877
1214,,,,,0,17,,0,,0,0,1.0,0,0.7075205954170403
1215,,,,,0,17,,0,,0,0,1.0,0,0.713578066634478
1216,,,,,0,17,,0,,0,1,1.0,0,0.601439166111921
1217,,,,,0,17,,0,,0,0,1.0,0,0.6900885608818697
1218,,,,,0,17,,0,,0,0,1.0,0,0.5342011451721191
1219,,,,,0,19,,0,,0,0,1.0,0,1.008346973235815
1220,,,,,0,13,,0,,0,0,1.0,0,0.877431645989418
1221,,,,,0,18,,0,,6,3,1.0,0,0.45197806048523925
1222,,,,,0,18,,0,,12,10,0.9846153846153847,0,0.506908849087621
1223,,,,,0,18,,0,,5,5,1.0,0,0.5126945827214293
1224,,,,,0,12,,0,,1,2,1.0,0,0.43716935626177034
1225,,,,,0,13,,0,,3,3,1.0,0,0.6743704080581665
1226,,,,,0,13,,0,,1,1,1.0,0,0.5835304856300354
1227,,,,,0,13,,0,,0,0,1.0,0,0.9003866597779594
1228,,,,,0,13,,0,,1,0,1.0,0,0.6177926957607269
1229,,,,,0,13,,0,,8,7,1.0,0,0.36924568597998
1230,,,,,0,13,,0,,0,0,1.0,0,0.7551954388618469
1231,,,,,0,13,,0,,4,4,1.0,0,0.6469477029473952
1232,,,,,0,13,,0,,1,1,1.0,0,0.764157443394813
1233,,,,,0,13,,0,,0,0,1.0,0,0.632827151800011
1234,,,,,0,13,,0,,0,0,1.0,0,0.9551164755259893
1235,,,,,0,14,,0,,3,1,1.0,0,0.38106717950505975
1236,,,,,0,14,,0,,0,0,1.0,0,0.9829439856112003
1237,,,,,0,12,,0,,0,1,1.0,0,0.6694277426429909
1238,,,,,0,12,,0,,0,0,1.0,0,0.828325326094786
1239,,,,,0,12,,0,,0,0,1.0,0,0.5809184236155513
1240,,,,,0,12,,0,,0,0,1.0,0,0.6971958785413466
1241,,,,,0,11,,0,,0,1,1.0,0,0.29875063586985506
1242,,,,,0,25,,0,,0,0,1.0,0,1.0360580629740992
1243,,,,,0,9,,0,,0,0,1.0,0,1.020653959979235
1244,,,,,0,9,,0,,0,0,1.0,0,0.9921300073602798
1245,,,,,0,17,,0,,1,2,1.0,0,0.36101404908341284
1246,,,,,0,17,,0,,4,4,1.0,0,0.455429109607391
1247,,,,,0,17,,0,,0,0,1.0,0,0.9185463339090347
1248,,,,,0,17,,0,,1,2,1.0,0,0.6371613144874573
1249,,,,,0,17,,0,,0,0,1.0,0,0.9500207439071161
1250,,,,,0,17,,0,,0,0,1.0,0,0.9325181245803833
1251,,,,,0,12,,0,,0,0,1.0,0,0.4649749994277954
1252,,,,,0,12,,0,,0,0,1.0,0,0.6383545398712158
1253,,,,,0,12,,0,,0,0,1.0,0,0.6494256258010864
1254,,,,,0,12,,0,,1,1,1.0,0,0.41685277223587036
1255,,,,,0,12,,0,,0,0,1.0,0,0.9629664548019441
1256,,,,,0,12,,0,,0,0,1.0,0,0.648277223110199
1257,,,,,0,12,,0,,0,0,1.0,0,0.5529484748840332
1258,,,,,0,12,,0,,1,0,1.0,0,0.7815874069929123
1259,,,,,0,12,,0,,0,0,1.0,0,0.5909470617771149
1260,,,,,0,12,,0,,0,0,1.0,0,0.6477329819043262
1261,,,,,0,15,,0,,4,0,1.0,0,0.5282479384019354
1262,,,,,0,15,,0,,0,0,1.0,0,0.871087737148269
1263,,,,,0,10,,0,,9,8,1.0,0,0.49426186084747314
1264,,,,,0,10,,0,,6,6,1.0,0,0.6111194375490974
1265,,,,,0,10,,0,,1,4,1.0,0,0.48499634951374737
1266,,,,,0,10,,0,,3,3,1.0,0,0.8410869538784027
1267,,,,,0,10,,0,,2,2,1.0,0,0.5356093943119049
1268,,,,,0,10,,0,,2,3,1.0,0,0.5308646876135275
1269,,,,,0,10,,0,,0,1,1.0,0,0.4808520519987358
1270,,,,,0,10,,0,,2,3,1.0,0,0.563722180239027
1271,,,,,0,10,,0,,0,1,1.0,0,0.8356645899218798
1272,,,,,0,10,,0,,0,0,1.0,0,0.6063276529312134
1273,,,,,0,15,,0,,1,1,1.0,0,0.31844923982326623
1274,,,,,0,12,,0,,0,1,1.0,0,0.7797896099215975
1275,,,,,0,12,,0,,4,6,1.0,0,0.33819929729704157
1276,,,,,0,12,,0,,3,4,1.0,0,0.5487134129575832
1277,,,,,0,12,,0,,0,2,1.0,0,0.5360974669456482
1278,,,,,0,12,,0,,2,3,1.0,0,0.8118697182095373
1279,,,,,0,12,,0,,0,1,1.0,0,0.8012019930837149
1280,,,,,0,12,,0,,0,0,1.0,0,0.7122978911044707
1281,,,,,0,12,,0,,1,0,1.0,0,0.6027863201157637
1282,,,,,0,12,,0,,0,1,1.0,0,0.5305532776649826
1283,,,,,0,12,,0,,0,0,1.0,0,0.7356049418449402
1284,,,,,0,11,,0,,0,1,1.0,0,0.6923327858646379
1285,,,,,0,11,,0,,4,3,1.0,0,0.21917465982361584
1286,,,,,0,11,,0,,0,0,1.0,0,0.7980563311031152
1287,,,,,0,11,,0,,3,2,1.0,0,0.2924483803644291
1288,,,,,0,11,,0,,0,0,1.0,0,0.9184624677438279
1289,,,,,0,11,,0,,0,0,1.0,0,0.9184624677438279
1290,,,,,0,11,,0,,2,2,1.0,0,0.34116462819786975
1291,,,,,0,11,,0,,0,0,1.0,0,0.9298449125978402
1292,,,,,0,11,,0,,0,0,1.0,0,0.9298449125978402
1293,,,,,0,15,,0,,6,6,1.0,0,0.40526390075683594
1294,,,,,0,3,,0,,0,0,1.0,0,0.9237268395342481
1295,,,,,0,3,,0,,0,0,1.0,0,0.9582707049927326
1296,,,,,0,3,,0,,0,0,1.0,0,0.9746221557146953
1297,,,,,0,3,,0,,0,0,1.0,0,0.9910355429851685
1298,,,,,0,3,,0,,0,0,1.0,0,0.9606374874711037
1299,,,,,0,3,,0,,0,0,1.0,0,0.9641828973347812
1300,,,,,0,3,,0,,0,0,1.0,0,0.9589901069995792
1301,,,,,0,3,,0,,0,0,1.0,0,0.9580717335066715
1302,,,,,0,3,,0,,0,0,1.0,0,0.936744512922571
1303,,,,,0,3,,0,,0,0,1.0,0,0.949230095721188
1304,,,,,0,3,,0,,0,0,1.0,0,0.9237268395342481
1305,,,,,0,3,,0,,0,0,1.0,0,0.9582707049927326
1306,,,,,0,3,,0,,0,0,1.0,0,0.9746221557146953
1307,,,,,0,3,,0,,0,0,1.0,0,0.9910355429851685
1308,,,,,0,3,,0,,0,0,1.0,0,0.9606374874711037
1309,,,,,0,3,,0,,0,0,1.0,0,0.9641828973347812
1310,,,,,0,3,,0,,0,0,1.0,0,0.9589901069995792
1311,,,,,0,3,,0,,0,0,1.0,0,0.9580717335066715
1312,,,,,0,3,,0,,0,0,1.0,0,0.936744512922571
1313,,,,,0,3,,0,,0,0,1.0,0,0.949230095721188
1314,,,,,0,3,,0,,0,0,1.0,0,0.9237268395342481
1315,,,,,0,3,,0,,0,0,1.0,0,0.9582707049927326
1316,,,,,0,3,,0,,0,0,1.0,0,0.9746221557146953
1317,,,,,0,3,,0,,0,0,1.0,0,0.9910355429851685
1318,,,,,0,3,,0,,0,0,1.0,0,0.9606374874711037
1319,,,,,0,3,,0,,0,0,1.0,0,0.9641828973347812
1320,,,,,0,3,,0,,0,0,1.0,0,0.9589901069995792
1321,,,,,0,3,,0,,0,0,1.0,0,0.9580717335066715
1322,,,,,0,3,,0,,0,0,1.0,0,0.936744512922571
1323,,,,,0,3,,0,,0,0,1.0,0,0.949230095721188
1324,,,,,0,3,,0,,0,0,1.0,0,0.9237268395342481
1325,,,,,0,3,,0,,0,0,1.0,0,0.9582707049927326
1326,,,,,0,3,,0,,0,0,1.0,0,0.9746221557146953
1327,,,,,0,3,,0,,0,0,1.0,0,0.9910355429851685
1328,,,,,0,3,,0,,0,0,1.0,0,0.9606374874711037
1329,,,,,0,3,,0,,0,0,1.0,0,0.9641828973347812
1330,,,,,0,3,,0,,0,0,1.0,0,0.9589901069995792
1331,,,,,0,3,,0,,0,0,1.0,0,0.9580717335066715
1332,,,,,0,3,,0,,0,0,1.0,0,0.936744512922571
1333,,,,,0,3,,0,,0,0,1.0,0,0.949230095721188
1334,,,,,0,3,,0,,0,0,1.0,0,0.9237268395342481
1335,,,,,0,3,,0,,0,0,1.0,0,0.9582707049927326
1336,,,,,0,3,,0,,0,0,1.0,0,0.9746221557146953
1337,,,,,0,3,,0,,0,0,1.0,0,0.9910355429851685
1338,,,,,0,3,,0,,0,0,1.0,0,0.9606374874711037
1339,,,,,0,3,,0,,0,0,1.0,0,0.9641828973347812
1340,,,,,0,3,,0,,0,0,1.0,0,0.9589901069995792
1341,,,,,0,3,,0,,0,0,1.0,0,0.9580717335066715
1342,,,,,0,3,,0,,0,0,1.0,0,0.936744512922571
1343,,,,,0,3,,0,,0,0,1.0,0,0.949230095721188
1344,,,,,0,3,,0,,0,0,1.0,0,0.9237268395342481
1345,,,,,0,3,,0,,0,0,1.0,0,0.9582707049927326
1346,,,,,0,3,,0,,0,0,1.0,0,0.9746221557146953
1347,,,,,0,3,,0,,0,0,1.0,0,0.9910355429851685
1348,,,,,0,3,,0,,0,0,1.0,0,0.9606374874711037
1349,,,,,0,3,,0,,0,0,1.0,0,0.9641828973347812
1350,,,,,0,3,,0,,0,0,1.0,0,0.9589901069995792
1351,,,,,0,3,,0,,0,0,1.0,0,0.9580717335066715
1352,,,,,0,3,,0,,0,0,1.0,0,0.936744512922571
1353,,,,,0,3,,0,,0,0,1.0,0,0.949230095721188
1354,,,,,0,3,,0,,0,0,1.0,0,0.9237268395342481
1355,,,,,0,3,,0,,0,0,1.0,0,0.9582707049927326
1356,,,,,0,3,,0,,0,0,1.0,0,0.9746221557146953
1357,,,,,0,3,,0,,0,0,1.0,0,0.9910355429851685
1358,,,,,0,3,,0,,0,0,1.0,0,0.9606374874711037
1359,,,,,0,3,,0,,0,0,1.0,0,0.9641828973347812
1360,,,,,0,3,,0,,0,0,1.0,0,0.9589901069995792
1361,,,,,0,3,,0,,0,0,1.0,0,0.9580717335066715
1362,,,,,0,3,,0,,0,0,1.0,0,0.936744512922571
1363,,,,,0,3,,0,,0,0,1.0,0,0.949230095721188
1364,,,,,0,3,,0,,0,0,1.0,0,0.9237268395342481
1365,,,,,0,3,,0,,0,0,1.0,0,0.9582707049927326
1366,,,,,0,3,,0,,0,0,1.0,0,0.9746221557146953
1367,,,,,0,3,,0,,0,0,1.0,0,0.9910355429851685
1368,,,,,0,3,,0,,0,0,1.0,0,0.9606374874711037
1369,,,,,0,3,,0,,0,0,1.0,0,0.9641828973347812
1370,,,,,0,3,,0,,0,0,1.0,0,0.9589901069995792
1371,,,,,0,3,,0,,0,0,1.0,0,0.9580717335066715
1372,,,,,0,3,,0,,0,0,1.0,0,0.936744512922571
1373,,,,,0,3,,0,,0,0,1.0,0,0.949230095721188
1374,,,,,0,3,,0,,0,0,1.0,0,0.9237268395342481
1375,,,,,0,3,,0,,0,0,1.0,0,0.9582707049927326
1376,,,,,0,3,,0,,0,0,1.0,0,0.9746221557146953
1377,,,,,0,3,,0,,0,0,1.0,0,0.9910355429851685
1378,,,,,0,3,,0,,0,0,1.0,0,0.9606374874711037
1379,,,,,0,3,,0,,0,0,1.0,0,0.9641828973347812
1380,,,,,0,3,,0,,0,0,1.0,0,0.9589901069995792
1381,,,,,0,3,,0,,0,0,1.0,0,0.9580717335066715
1382,,,,,0,3,,0,,0,0,1.0,0,0.936744512922571
1383,,,,,0,3,,0,,0,0,1.0,0,0.949230095721188
1384,,,,,0,3,,0,,0,0,1.0,0,0.9237268395342481
1385,,,,,0,3,,0,,0,0,1.0,0,0.9582707049927326
1386,,,,,0,3,,0,,0,0,1.0,0,0.9746221557146953
1387,,,,,0,3,,0,,0,0,1.0,0,0.9910355429851685
1388,,,,,0,3,,0,,0,0,1.0,0,0.9606374874711037
1389,,,,,0,3,,0,,0,0,1.0,0,0.9641828973347812
1390,,,,,0,3,,0,,0,0,1.0,0,0.9589901069995792
1391,,,,,0,3,,0,,0,0,1.0,0,0.9580717335066715
1392,,,,,0,3,,0,,0,0,1.0,0,0.936744512922571
1393,,,,,0,3,,0,,0,0,1.0,0,0.949230095721188
1394,,,,,0,3,,0,,0,0,1.0,0,0.9237268395342481
1395,,,,,0,3,,0,,0,0,1.0,0,0.9582707049927326
1396,,,,,0,3,,0,,0,0,1.0,0,0.9746221557146953
1397,,,,,0,3,,0,,0,0,1.0,0,0.9910355429851685
1398,,,,,0,3,,0,,0,0,1.0,0,0.9606374874711037
1399,,,,,0,3,,0,,0,0,1.0,0,0.9641828973347812
1400,,,,,0,3,,0,,0,0,1.0,0,0.9589901069995792
1401,,,,,0,3,,0,,0,0,1.0,0,0.9580717335066715
1402,,,,,0,3,,0,,0,0,1.0,0,0.936744512922571
1403,,,,,0,3,,0,,0,0,1.0,0,0.949230095721188
1404,,,,,0,3,,0,,0,0,1.0,0,0.9237268395342481
1405,,,,,0,3,,0,,0,0,1.0,0,0.9582707049927326
1406,,,,,0,3,,0,,0,0,1.0,0,0.9746221557146953
1407,,,,,0,3,,0,,0,0,1.0,0,0.9910355429851685
1408,,,,,0,3,,0,,0,0,1.0,0,0.9606374874711037
1409,,,,,0,3,,0,,0,0,1.0,0,0.9641828973347812
1410,,,,,0,3,,0,,0,0,1.0,0,0.9589901069995792
1411,,,,,0,3,,0,,0,0,1.0,0,0.9580717335066715
1412,,,,,0,3,,0,,0,0,1.0,0,0.936744512922571
1413,,,,,0,3,,0,,0,0,1.0,0,0.949230095721188
1414,,,,,0,3,,0,,0,0,1.0,0,0.9237268395342481
1415,,,,,0,3,,0,,0,0,1.0,0,0.9582707049927326
1416,,,,,0,3,,0,,0,0,1.0,0,0.9746221557146953
1417,,,,,0,3,,0,,0,0,1.0,0,0.9910355429851685
1418,,,,,0,3,,0,,0,0,1.0,0,0.9606374874711037
1419,,,,,0,3,,0,,0,0,1.0,0,0.9641828973347812
1420,,,,,0,3,,0,,0,0,1.0,0,0.9589901069995792
1421,,,,,0,3,,0,,0,0,1.0,0,0.9580717335066715
1422,,,,,0,3,,0,,0,0,1.0,0,0.936744512922571
1423,,,,,0,3,,0,,0,0,1.0,0,0.949230095721188
1424,,,,,0,3,,0,,0,0,1.0,0,0.9237268395342481
1425,,,,,0,3,,0,,0,0,1.0,0,0.9582707049927326
1426,,,,,0,3,,0,,0,0,1.0,0,0.9746221557146953
1427,,,,,0,3,,0,,0,0,1.0,0,0.9910355429851685
1428,,,,,0,3,,0,,0,0,1.0,0,0.9606374874711037
1429,,,,,0,3,,0,,0,0,1.0,0,0.9641828973347812
1430,,,,,0,3,,0,,0,0,1.0,0,0.9589901069995792
1431,,,,,0,3,,0,,0,0,1.0,0,0.9580717335066715
1432,,,,,0,3,,0,,0,0,1.0,0,0.936744512922571
1433,,,,,0,3,,0,,0,0,1.0,0,0.949230095721188
1434,,,,,0,3,,0,,0,0,1.0,0,0.9237268395342481
1435,,,,,0,3,,0,,0,0,1.0,0,0.9582707049927326
1436,,,,,0,3,,0,,0,0,1.0,0,0.9746221557146953
1437,,,,,0,3,,0,,0,0,1.0,0,0.9910355429851685
1438,,,,,0,3,,0,,0,0,1.0,0,0.9606374874711037
1439,,,,,0,3,,0,,0,0,1.0,0,0.9641828973347812
1440,,,,,0,3,,0,,0,0,1.0,0,0.9589901069995792
1441,,,,,0,3,,0,,0,0,1.0,0,0.9580717335066715
1442,,,,,0,3,,0,,0,0,1.0,0,0.936744512922571
1443,,,,,0,3,,0,,0,0,1.0,0,0.949230095721188
1444,,,,,0,3,,0,,0,0,1.0,0,0.9237268395342481
1445,,,,,0,3,,0,,0,0,1.0,0,0.9582707049927326
1446,,,,,0,3,,0,,0,0,1.0,0,0.9746221557146953
1447,,,,,0,3,,0,,0,0,1.0,0,0.9910355429851685
1448,,,,,0,3,,0,,0,0,1.0,0,0.9606374874711037
1449,,,,,0,3,,0,,0,0,1.0,0,0.9641828973347812
1450,,,,,0,3,,0,,0,0,1.0,0,0.9589901069995792
1451,,,,,0,3,,0,,0,0,1.0,0,0.9580717335066715
1452,,,,,0,3,,0,,0,0,1.0,0,0.936744512922571
1453,,,,,0,3,,0,,0,0,1.0,0,0.949230095721188
1454,,,,,0,3,,0,,0,0,1.0,0,0.9237268395342481
1455,,,,,0,3,,0,,0,0,1.0,0,0.9582707049927326
1456,,,,,0,3,,0,,0,0,1.0,0,0.9746221557146953
1457,,,,,0,3,,0,,0,0,1.0,0,0.9910355429851685
1458,,,,,0,3,,0,,0,0,1.0,0,0.9606374874711037
1459,,,,,0,3,,0,,0,0,1.0,0,0.9641828973347812
1460,,,,,0,3,,0,,0,0,1.0,0,0.9589901069995792
1461,,,,,0,3,,0,,0,0,1.0,0,0.9580717335066715
1462,,,,,0,3,,0,,0,0,1.0,0,0.936744512922571
1463,,,,,0,3,,0,,0,0,1.0,0,0.949230095721188
1464,,,,,0,3,,0,,0,0,1.0,0,0.9237268395342481
1465,,,,,0,3,,0,,0,0,1.0,0,0.9582707049927326
1466,,,,,0,3,,0,,0,0,1.0,0,0.9746221557146953
1467,,,,,0,3,,0,,0,0,1.0,0,0.9910355429851685
1468,,,,,0,3,,0,,0,0,1.0,0,0.9606374874711037
1469,,,,,0,3,,0,,0,0,1.0,0,0.9641828973347812
1470,,,,,0,3,,0,,0,0,1.0,0,0.9589901069995792
1471,,,,,0,3,,0,,0,0,1.0,0,0.9580717335066715
1472,,,,,0,3,,0,,0,0,1.0,0,0.936744512922571
1473,,,,,0,3,,0,,0,0,1.0,0,0.949230095721188
1474,,,,,0,3,,0,,0,0,1.0,0,0.9237268395342481
1475,,,,,0,3,,0,,0,0,1.0,0,0.9582707049927326
1476,,,,,0,3,,0,,0,0,1.0,0,0.9746221557146953
1477,,,,,0,3,,0,,0,0,1.0,0,0.9910355429851685
1478,,,,,0,3,,0,,0,0,1.0,0,0.9606374874711037
1479,,,,,0,3,,0,,0,0,1.0,0,0.9641828973347812
1480,,,,,0,3,,0,,0,0,1.0,0,0.9589901069995792
1481,,,,,0,3,,0,,0,0,1.0,0,0.9580717335066715
1482,,,,,0,3,,0,,0,0,1.0,0,0.936744512922571
1483,,,,,0,3,,0,,0,0,1.0,0,0.949230095721188
1484,,,,,0,3,,0,,0,0,1.0,0,0.9237268395342481
1485,,,,,0,3,,0,,0,0,1.0,0,0.9582707049927326
1486,,,,,0,3,,0,,0,0,1.0,0,0.9746221557146953
1487,,,,,0,3,,0,,0,0,1.0,0,0.9910355429851685
1488,,,,,0,3,,0,,0,0,1.0,0,0.9606374874711037
1489,,,,,0,3,,0,,0,0,1.0,0,0.9641828973347812
1490,,,,,0,3,,0,,0,0,1.0,0,0.9589901069995792
1491,,,,,0,3,,0,,0,0,1.0,0,0.9580717335066715
1492,,,,,0,3,,0,,0,0,1.0,0,0.936744512922571
1493,,,,,0,3,,0,,0,0,1.0,0,0.949230095721188
1494,,,,,0,3,,0,,0,0,1.0,0,0.9237268395342481
1495,,,,,0,3,,0,,0,0,1.0,0,0.9582707049927326
1496,,,,,0,3,,0,,0,0,1.0,0,0.9746221557146953
1497,,,,,0,3,,0,,0,0,1.0,0,0.9910355429851685
1498,,,,,0,3,,0,,0,0,1.0,0,0.9606374874711037
1499,,,,,0,3,,0,,0,0,1.0,0,0.9641828973347812
1500,,,,,0,3,,0,,0,0,1.0,0,0.9589901069995792
1501,,,,,0,3,,0,,0,0,1.0,0,0.9580717335066715
1502,,,,,0,3,,0,,0,0,1.0,0,0.936744512922571
1503,,,,,0,3,,0,,0,0,1.0,0,0.949230095721188
1504,,,,,0,3,,0,,0,0,1.0,0,0.9237268395342481
1505,,,,,0,3,,0,,0,0,1.0,0,0.9582707049927326
1506,,,,,0,3,,0,,0,0,1.0,0,0.9746221557146953
1507,,,,,0,3,,0,,0,0,1.0,0,0.9910355429851685
1508,,,,,0,3,,0,,0,0,1.0,0,0.9606374874711037
1509,,,,,0,3,,0,,0,0,1.0,0,0.9641828973347812
1510,,,,,0,3,,0,,0,0,1.0,0,0.9589901069995792
1511,,,,,0,3,,0,,0,0,1.0,0,0.9580717335066715
1512,,,,,0,3,,0,,0,0,1.0,0,0.936744512922571
1513,,,,,0,3,,0,,0,0,1.0,0,0.949230095721188
1514,,,,,0,3,,0,,0,0,1.0,0,0.9237268395342481
1515,,,,,0,3,,0,,0,0,1.0,0,0.9582707049927326
1516,,,,,0,3,,0,,0,0,1.0,0,0.9746221557146953
1517,,,,,0,3,,0,,0,0,1.0,0,0.9910355429851685
1518,,,,,0,3,,0,,0,0,1.0,0,0.9606374874711037
1519,,,,,0,3,,0,,0,0,1.0,0,0.9641828973347812
1520,,,,,0,3,,0,,0,0,1.0,0,0.9589901069995792
1521,,,,,0,3,,0,,0,0,1.0,0,0.9580717335066715
1522,,,,,0,3,,0,,0,0,1.0,0,0.936744512922571
1523,,,,,0,3,,0,,0,0,1.0,0,0.949230095721188
1524,,,,,0,3,,0,,0,0,1.0,0,0.9237268395342481
1525,,,,,0,3,,0,,0,0,1.0,0,0.9582707049927326
1526,,,,,0,3,,0,,0,0,1.0,0,0.9746221557146953
1527,,,,,0,3,,0,,0,0,1.0,0,0.9910355429851685
1528,,,,,0,3,,0,,0,0,1.0,0,0.9606374874711037
1529,,,,,0,3,,0,,0,0,1.0,0,0.9641828973347812
1530,,,,,0,3,,0,,0,0,1.0,0,0.9589901069995792
1531,,,,,0,3,,0,,0,0,1.0,0,0.9580717335066715
1532,,,,,0,3,,0,,0,0,1.0,0,0.936744512922571
1533,,,,,0,3,,0,,0,0,1.0,0,0.949230095721188
1534,,,,,0,3,,0,,0,0,1.0,0,0.9237268395342481
1535,,,,,0,3,,0,,0,0,1.0,0,0.9582707049927326
1536,,,,,0,3,,0,,0,0,1.0,0,0.9746221557146953
1537,,,,,0,3,,0,,0,0,1.0,0,0.9910355429851685
1538,,,,,0,3,,0,,0,0,1.0,0,0.9606374874711037
1539,,,,,0,3,,0,,0,0,1.0,0,0.9641828973347812
1540,,,,,0,3,,0,,0,0,1.0,0,0.9589901069995792
1541,,,,,0,3,,0,,0,0,1.0,0,0.9580717335066715
1542,,,,,0,3,,0,,0,0,1.0,0,0.936744512922571
1543,,,,,0,3,,0,,0,0,1.0,0,0.949230095721188
1544,,,,,0,3,,0,,0,0,1.0,0,0.9237268395342481
1545,,,,,0,3,,0,,0,0,1.0,0,0.9582707049927326
1546,,,,,0,3,,0,,0,0,1.0,0,0.9746221557146953
1547,,,,,0,3,,0,,0,0,1.0,0,0.9910355429851685
1548,,,,,0,3,,0,,0,0,1.0,0,0.9606374874711037
1549,,,,,0,3,,0,,0,0,1.0,0,0.9641828973347812
1550,,,,,0,3,,0,,0,0,1.0,0,0.9589901069995792
1551,,,,,0,3,,0,,0,0,1.0,0,0.9580717335066715
1552,,,,,0,3,,0,,0,0,1.0,0,0.936744512922571
1553,,,,,0,3,,0,,0,0,1.0,0,0.949230095721188
1554,,,,,0,3,,0,,0,0,1.0,0,0.9237268395342481
1555,,,,,0,3,,0,,0,0,1.0,0,0.9582707049927326
1556,,,,,0,3,,0,,0,0,1.0,0,0.9746221557146953
1557,,,,,0,3,,0,,0,0,1.0,0,0.9910355429851685
1558,,,,,0,3,,0,,0,0,1.0,0,0.9606374874711037
1559,,,,,0,3,,0,,0,0,1.0,0,0.9641828973347812
1560,,,,,0,3,,0,,0,0,1.0,0,0.9589901069995792
1561,,,,,0,3,,0,,0,0,1.0,0,0.9580717335066715
1562,,,,,0,3,,0,,0,0,1.0,0,0.936744512922571
1563,,,,,0,3,,0,,0,0,1.0,0,0.949230095721188
1564,,,,,0,3,,0,,0,0,1.0,0,0.9237268395342481
1565,,,,,0,3,,0,,0,0,1.0,0,0.9582707049927326
1566,,,,,0,3,,0,,0,0,1.0,0,0.9746221557146953
1567,,,,,0,3,,0,,0,0,1.0,0,0.9910355429851685
1568,,,,,0,3,,0,,0,0,1.0,0,0.9606374874711037
1569,,,,,0,3,,0,,0,0,1.0,0,0.9641828973347812
1570,,,,,0,3,,0,,0,0,1.0,0,0.9589901069995792
1571,,,,,0,3,,0,,0,0,1.0,0,0.9580717335066715
1572,,,,,0,3,,0,,0,0,1.0,0,0.936744512922571
1573,,,,,0,3,,0,,0,0,1.0,0,0.949230095721188
1574,,,,,0,3,,0,,0,0,1.0,0,0.9211565828668052
1575,,,,,0,3,,0,,0,0,1.0,0,0.9597282633185387
1576,,,,,0,3,,0,,0,0,1.0,0,0.9862948316721568
1577,,,,,0,3,,0,,0,0,1.0,0,0.9795387257223181
1578,,,,,0,3,,0,,0,0,1.0,0,0.9641828973347812
1579,,,,,0,3,,0,,0,0,1.0,0,0.9589901069995792
1580,,,,,0,3,,0,,0,0,1.0,0,0.9597699183157062
1581,,,,,0,3,,0,,0,0,1.0,0,0.9580717335066715
1582,,,,,0,3,,0,,0,0,1.0,0,0.937721204025817
1583,,,,,0,3,,0,,0,0,1.0,0,0.9365181028842926
1584,,,,,0,3,,0,,0,0,1.0,0,0.9211565828668052
1585,,,,,0,3,,0,,0,0,1.0,0,0.9597282633185387
1586,,,,,0,3,,0,,0,0,1.0,0,0.9862948316721568
1587,,,,,0,3,,0,,0,0,1.0,0,0.9795387257223181
1588,,,,,0,3,,0,,0,0,1.0,0,0.9641828973347812
1589,,,,,0,3,,0,,0,0,1.0,0,0.9589901069995792
1590,,,,,0,3,,0,,0,0,1.0,0,0.9597699183157062
1591,,,,,0,3,,0,,0,0,1.0,0,0.9580717335066715
1592,,,,,0,3,,0,,0,0,1.0,0,0.937721204025817
1593,,,,,0,3,,0,,0,0,1.0,0,0.9365181028842926
1594,,,,,0,3,,0,,0,0,1.0,0,0.9211565828668052
1595,,,,,0,3,,0,,0,0,1.0,0,0.9597282633185387
1596,,,,,0,3,,0,,0,0,1.0,0,0.9862948316721568
1597,,,,,0,3,,0,,0,0,1.0,0,0.9795387257223181
1598,,,,,0,3,,0,,0,0,1.0,0,0.9641828973347812
1599,,,,,0,3,,0,,0,0,1.0,0,0.9589901069995792
1600,,,,,0,3,,0,,0,0,1.0,0,0.9597699183157062
1601,,,,,0,3,,0,,0,0,1.0,0,0.9580717335066715
1602,,,,,0,3,,0,,0,0,1.0,0,0.937721204025817
1603,,,,,0,3,,0,,0,0,1.0,0,0.9365181028842926
